"awd_id","pi_id","pi_full_name","perf_inst_name"
"2335119","270044698","Mehdi   Khanzadeh Moradllo","Temple University"
"2335120","270023212","Luis A Ruiz Pestana","University of Miami"
"2335120","270000852","Prannoy   Suraneni","University of Miami"
"2335121","269677042","Kimberly E Kurtis","Georgia Tech Research Corporation"
"2335614","269974502","Jonathan   Singer","Rutgers University New Brunswick"
"2335615","269946141","Xin   Yong","SUNY at Buffalo"
"2336490","269816443","Assefaw H Gebremedhin","Washington State University"
"2336490","269946154","Janardhan Rao   Doppa","Washington State University"
"2336490","269960675","Feng-Hao   Liu","Washington State University"
"2336490","270060692","Monowar   Hasan","Washington State University"
"2336531","269793722","Feng   Qin","Ohio State University"
"2336531","269862931","Michael   Bond","Ohio State University"
"2336531","269895365","Zhiqiang   Lin","Ohio State University"
"2336531","270066074","Julia N Armstrong","Ohio State University"
"2339858","270074149","Caryn   Palatchi","Indiana University"
"2343372","269781506","Andres E Tejada-Martinez","University of South Florida"
"2347694","269934712","Mohammed   Baalousha","University of South Carolina at Columbia"
"2347694","269878559","Susan D Richardson","University of South Carolina at Columbia"
"2348740","270033810","Guangming   Jing","University of Massachusetts Lowell"
"2348898","270002416","Bo   Li","Villanova University"
"2348898","269778717","Qianhong   Wu","Villanova University"
"2348898","269900072","Ling   Liu","Villanova University"
"2348898","270095563","Eric T Aerts","Villanova University"
"2348981","270052163","Joshua R Frisch","University of California-San Diego"
"2350116","270090512","Brendan M David-John","Virginia Polytechnic Institute and State University"
"2350116","269944673","Bo   Ji","Virginia Polytechnic Institute and State University"
"2400099","000130488","Gregory S Girolami","University of Illinois at Urbana-Champaign"
"2400116","269887166","Matthew C Pailes","University of Oklahoma Norman Campus"
"2400546","269900302","Paul   Chiarot","SUNY at Binghamton"
"2400546","269946141","Xin   Yong","SUNY at Binghamton"
"2400546","270021743","daehan   won","SUNY at Binghamton"
"2400546","270075137","Yu   Jin","SUNY at Binghamton"
"2401589","000082851","Jeevak M Parpia","Cornell University"
"2401591","270088518","Jaime   Banks","Syracuse University"
"2401591","270088218","Caleb T Carr","Syracuse University"
"2401913","269836334","Manoj K Mishra","Alabama State University"
"2401913","270086900","Nivedita   Priyadarshni","Alabama State University"
"2401915","270016762","Bijandra   Kumar","Elizabeth City State University"
"2401915","269813630","Adetayo V Adedeji","Elizabeth City State University"
"2401915","269978222","Abdennaceur   Karoui","Elizabeth City State University"
"2401943","270047218","Shahin   Shafiee","Prairie View A & M University"
"2401943","269756695","Debjyoti   Banerjee","Prairie View A & M University"
"2401975","270010278","Peng   He","North Carolina Agricultural & Technical State University"
"2401975","269929720","Jianjun   Wei","North Carolina Agricultural & Technical State University"
"2404500","270060721","Sean   Carroll","SENOGUARD, INC."
"2404859","270098685","Michael   McCorvey","Regis College"
"2404859","270098688","Courtney E Cole","Regis College"
"2404859","270098689","Annela   Kelly","Regis College"
"2404859","270098696","Christine O Schwartz","Regis College"
"2404932","269806704","Teena M Gerhardt","Michigan State University"
"2405035","269887297","Inna I Zakharevich","Cornell University"
"2405054","270004086","Joshua D Caldwell","Vanderbilt University"
"2405054","000261699","Richard   Mu","Vanderbilt University"
"2405054","269776737","Sharon M Weiss","Vanderbilt University"
"2405054","269827139","James R McBride","Vanderbilt University"
"2405054","270006023","Justus C Ndukaife","Vanderbilt University"
"2405167","269693300","Igor   Rodnianski","Princeton University"
"2405167","269929699","Mihalis   Dafermos","Princeton University"
"2406643","270087507","Matthew R Hudson","Stevenson University"
"2406643","269991426","William A Harrell","Stevenson University"
"2407264","270025768","Yves   Moussallam","Columbia University"
"2407868","269934551","Stacey J Smith","Brigham Young University"
"2407868","269788120","David T Fullwood","Brigham Young University"
"2407868","269961922","Jeremy A Johnson","Brigham Young University"
"2407868","269962830","Kara J Stowers","Brigham Young University"
"2407868","270030869","Benjamin A Frandsen","Brigham Young University"
"2408384","270078990","Jeffrey Filippini","University of Illinois at Urbana-Champaign"
"2408384","269863250","Liviu M Mirica","University of Illinois at Urbana-Champaign"
"2408384","269992700","Dean L Olson","University of Illinois at Urbana-Champaign"
"2408835","270099412","Matthias T Agne","University of Oregon Eugene"
"2408835","269800525","Josef   Dufek","University of Oregon Eugene"
"2408835","270020904","Carl K Brozek","University of Oregon Eugene"
"2408835","270099537","Nikolay Z Zhelev","University of Oregon Eugene"
"2409412","269922450","Shinsei   Ryu","Princeton University"
"2409501","000144913","Eric Stefan G Shaqfeh","Stanford University"
"2409501","000187919","Joseph M DeSimone","Stanford University"
"2410420","269983572","Alanna E Ossa","SUNY College at Oswego"
"2410559","270007529","Nicholas V Kessler","University of Arizona"
"2410560","269968924","Jacob   Holland-Lulewicz","Pennsylvania State Univ University Park"
"2410788","269743264","Philip J Weilerstein","National Collegiate Inventors and Innovators Alliance"
"2411533","269832333","Sarah K Carmichael","Appalachian State University"
"2411533","000135937","Ellen A Cowan","Appalachian State University"
"2411533","269738816","Andrew B Heckert","Appalachian State University"
"2411533","269801835","Cynthia M Liutkus","Appalachian State University"
"2411605","269774477","Christopher   Chaston","University of California-Berkeley"
"2411817","000149937","Brent T Fultz","California Institute of Technology"
"2412279","000237701","Mitchell J Malone","Texas A&M Research Foundation"
"2412616","269828109","Igor   Aronson","Pennsylvania State Univ University Park"
"2412638","000178633","Steven R White","University of California-Irvine"
"2412650","000156628","Herbert   Levine","Northeastern University"
"2412650","000001681","Alain S Karma","Northeastern University"
"2412916","269802628","Jie   Xiao","Johns Hopkins University"
"2413062","000052259","William M Gelbart","University of California-Los Angeles"
"2413062","269775367","Roya   Zandi","University of California-Los Angeles"
"2413064","269886842","Fabien   Pinaud","University of Southern California"
"2413064","269889433","Christoph   Haselwandter","University of Southern California"
"2413234","269985792","Judson D Ryckman","Clemson University"
"2413235","269983028","Yingjie   Lao","Tufts University"
"2413237","270031104","Yan   Li","Pennsylvania State Univ University Park"
"2413238","269700778","Ganesh K Venayagamoorthy","Clemson University"
"2413876","000228051","Chunming   Qiao","SUNY at Buffalo"
"2413877","270017668","Qi   Chen","University of California-Irvine"
"2414372","269927428","Mingyi   Hong","University of Minnesota"
"2414373","000260075","Alfredo   Garcia","Texas A&M Engineering Experiment Station"
"2414683","270042391","Davood   Babaei Pourkargar","Kansas State University"
"2414683","269926579","Bin   Liu","Kansas State University"
"2414683","270035527","Chuancheng   Duan","Kansas State University"
"2414894","270097625","David J Irvin","QUANTUM COPPER, INC."
"2415314","270101721","Devon M Cayer","OM THERAPEUTICS INC."
"2415347","270053067","Ping   He","Iowa State University"
"2415347","269765062","Hui   Hu","Iowa State University"
"2415574","270102249","Mari Anne   Snow","EASCRA BIOTECH, INC."
"2415756","270050164","Morteza   Kayyalha","Pennsylvania State Univ University Park"
"2415867","269949953","Oleksandr   Makeyev","Dine College"
"2416024","270063319","Matteo   Tamburini","NORTHWEST INDIAN COLLEGE"
"2416119","270100688","Brent   Voels","Cankdeska Cikana Community College"
"2416329","270078695","Murray A Stein","Bermuda Institute of Ocean Sciences (BIOS), Inc."
"2416329","000238950","Nicholas R Bates","Bermuda Institute of Ocean Sciences (BIOS), Inc."
"2417241","269898822","Fiery   Cushman","Harvard University"
"2417658","270095203","Aman Arora","Arizona State University"
"2417898","000098822","Bella   Bose","Oregon State University"
"2418092","270076313","Xueling   Zhang","Rochester Institute of Tech"
"2418092","270064774","Dongfang   Liu","Rochester Institute of Tech"
"2418093","269926906","Xiaoyin   Wang","University of Texas at San Antonio"
"2418268","270081472","Dustin A Richmond","University of California-Santa Cruz"
"2418269","269727060","Ryan   Kastner","University of California-San Diego"
"2418270","270049831","David   Kohlbrenner","University of Washington"
"2418443","269670940","Richard D Ricketts","University of Minnesota Duluth"
"2418474","270022232","Anita L Lopez","University of Hawaii"
"2418809","270077081","Karl J Lewis","Cornell University"
"2418861","000236599","Nicholas A Kotov","Regents of the University of Michigan - Ann Arbor"
"2419037","269925218","Ellen M Ziliak","Benedictine University"
"2419037","270023971","Catherine A Buell","Benedictine University"
"2419044","270027572","Robert A Kamphaus","University of Washington"
"2419195","000260786","Terry B Appelgate","University of California-San Diego Scripps Inst of Oceanography"
"2419195","270085339","Joost   van der Zwaag","University of California-San Diego Scripps Inst of Oceanography"
"2419207","269721201","Kuang-Ting   Hsiao","University of South Alabama"
"2419260","269766127","Sean M Higgins","Columbia University - LDEO"
"2419260","000064798","David S Goldberg","Columbia University - LDEO"
"2419287","000260786","Terry B Appelgate","University of California-San Diego Scripps Inst of Oceanography"
"2419287","270085339","Joost   van der Zwaag","University of California-San Diego Scripps Inst of Oceanography"
"2419527","270091176","Petra M Creamer","Emory University"
"2419622","269764910","Qing   Zhao","Cornell University"
"2419622","000202975","Lang   Tong","Cornell University"
"2419736","269826546","Scott T Milner","Pennsylvania State Univ University Park"
"2419736","269794989","Michael J Janik","Pennsylvania State Univ University Park"
"2419948","269878304","Camelia M Kantor","Pennsylvania State Univ University Park"
"2419948","269712646","Zoubeida   Ounaies","Pennsylvania State Univ University Park"
"2419948","270101233","Diane M Rudy","Pennsylvania State Univ University Park"
"2419948","270101258","Emily P Martell","Pennsylvania State Univ University Park"
"2419989","270101897","Eirini M Poulaki","Louisiana State University"
"2419990","269973303","Cailey B Condit","University of Washington"
"2419991","270101831","Carolyn M Tewksbury-Christle","Fort Lewis College"
"2420015","270083617","Paul F Gallagher","Woods Hole Oceanographic Institution"
"2420044","270083617","Paul F Gallagher","Woods Hole Oceanographic Institution"
"2420146","270017334","Yu   Xiang","University of Utah"
"2420183","269840176","Thomas   Miller","William Marsh Rice University"
"2420184","269706818","Jennifer A Rudgers","University of New Mexico"
"2420184","269763974","Kenneth D Whitney","University of New Mexico"
"2420221","000181935","Robert S Pickart","Woods Hole Oceanographic Institution"
"2420305","000136320","Ian   Baker","Trustees of Dartmouth College"
"2420393","270086825","Sarah   Bryant","American Mathematical Society"
"2420424","269695705","Bane   Vasic","University of Arizona"
"2420424","270090053","Nithin   Raveendran","University of Arizona"
"2420692","269981581","STEVEN E NALEWAY","University of Utah"
"2420706","269921556","Berardi   Sensale-Rodriguez","University of Utah"
"2420706","269840797","Rajesh   Menon","University of Utah"
"2420839","269949116","Marco   Caricato","University of Kansas Center for Research Inc"
"2420839","000136425","Bala   Subramaniam","University of Kansas Center for Research Inc"
"2420988","269774533","Michael   Ludkovski","University of California-Santa Barbara"
"2420988","270021323","Ruimeng   Hu","University of California-Santa Barbara"
"2421007","000202791","Stephen B Moran","University of Alaska Fairbanks Campus"
"2421007","269998654","Douglas D Baird","University of Alaska Fairbanks Campus"
"2421096","270030518","Nicholas P Foukal","University of Georgia Research Foundation, Inc."
"2421096","269772027","Daniel J Torres","University of Georgia Research Foundation, Inc."
"2421097","269676501","Thomas   Haine","Johns Hopkins University"
"2421214","270103792","Isaiah   Kaiser","AUXILIUM HEALTH INC"
"2421235","270048368","Aniruddh   Vashisth","University of Washington"
"2421235","270055227","Matthew R Golder","University of Washington"
"2421236","269703189","Nikhil   Koratkar","Rensselaer Polytechnic Institute"
"2421242","269887981","Christopher J Pappas","Manhattanville University"
"2421242","270080564","Nora C Broege","Manhattanville University"
"2421291","269694700","Amy E Landis","Colorado School of Mines"
"2421414","269983592","John   Bichy","University of Georgia Research Foundation Inc"
"2421414","000177278","Clark R Alexander","University of Georgia Research Foundation Inc"
"2421622","269956732","Travis   Miles","Rutgers University New Brunswick"
"2421622","270098190","Joseph C Gradone","Rutgers University New Brunswick"
"2421623","270071535","William D Wilson","University of The Virgin Islands"
"2421624","269731633","Ruoying   He","North Carolina State University"
"2422205","000176959","Paul W Beame","University of Washington"
"2422507","270037815","Javen S Weston","University of Tulsa"
"2422591","269684650","Rakesh   Agrawal","Purdue University"
"2422591","269866292","Suzanne C Bart","Purdue University"
"2422730","269992412","Matthijs   van der Meer","Dartmouth College"
"2423002","270058169","Joseph   Bartels","PHLUX TECHNOLOGIES, INC."
"2423045","270060198","David E Wolf","RT MICRODX INC."
"2423382","270097660","Marcus   Riedel","FEMTOFLUIDICS INCORPORATED"
"2423532","270102968","Daniel   Lundberg","T33 DENTAL, INC."
"2423572","269986581","Muhammad   Rabnawaz","Michigan State University"
"2423572","269880493","Christopher M Saffron","Michigan State University"
"2423572","270075175","Euihark   Lee","Michigan State University"
"2423573","270004365","Kecheng   Li","Western Michigan University"
"2423628","270067986","Aaron   Crookes","Apricity Robotics"
"2423683","270069473","Jairo   Giraldo Trujillo","GRID MODERNIZATION SOLUTIONS, L.L.C."
"2423711","000158626","Umakishore   Ramachandran","Georgia Institute of Technology"
"2423869","270002416","Bo   Li","Villanova University"
"2423869","269847047","Gang   Feng","Villanova University"
"2423921","269819228","Sherri J Morris","Bradley University"
"2423921","269977257","Kristi L McQuade","Bradley University"
"2423921","269730495","Julie A Reyer","Bradley University"
"2424100","270103718","Saskia   Haegens","Research Foundation For Mental Hygiene Inc"
"2424100","270104358","Alexander   Harris","Research Foundation For Mental Hygiene Inc"
"2424101","269838571","Stephanie R Jones","Brown University"
"2424313","270056118","Pamela M Brannock","Rollins College"
"2424331","270104713","Laura E Emerick","Marion Technical College"
"2424331","270104714","Lindsey M Knapp","Marion Technical College"
"2424353","269701327","Rahman   Tashakkori","Appalachian State University"
"2424353","000247055","Cindy   Norris","Appalachian State University"
"2424353","269760774","Carol M Babyak","Appalachian State University"
"2424353","270069086","Roshani   Silwal","Appalachian State University"
"2424353","270104472","Jacob J Blazejewski","Appalachian State University"
"2424500","270027440","Oluseye K Onajole","Roosevelt University"
"2424500","269787444","Kelly K Wentz-Hunter","Roosevelt University"
"2424500","270013752","Michael T Maly","Roosevelt University"
"2424551","269698846","Fereshteh   Billiot","Texas A&M University Corpus Christi"
"2424551","000177429","Jennifer M Smith-Engle","Texas A&M University Corpus Christi"
"2424551","269698845","Eugene J Billiot","Texas A&M University Corpus Christi"
"2424551","269974969","Joseph   Felix","Texas A&M University Corpus Christi"
"2424583","270012562","Noveera   Ahmed","St. John Fisher College"
"2424583","269862099","Kimberly D Chichester","St. John Fisher College"
"2424583","270031488","Sara G Goodman","St. John Fisher College"
"2424583","270087582","Ryan   Gantner","St. John Fisher College"
"2424742","269754977","Stephanie S Ivey","University of Memphis"
"2424742","269756425","Aaron L Robinson","University of Memphis"
"2424742","269772886","Alistair J Windsor","University of Memphis"
"2424742","269874212","Craig O Stewart","University of Memphis"
"2424803","269795390","Xiaohui   Yuan","University of North Texas"
"2424803","269825809","David M Keathly","University of North Texas"
"2424803","270000255","Xuan   Guo","University of North Texas"
"2424843","269846473","Maureen M Sanz","MOLLOY UNIVERSITY"
"2424843","269840138","Jodi   Evans","MOLLOY UNIVERSITY"
"2424843","270038316","Elizabeth A Suter","MOLLOY UNIVERSITY"
"2424843","270072717","Michael A Marino","MOLLOY UNIVERSITY"
"2424843","270072773","Li   Li","MOLLOY UNIVERSITY"
"2424867","269764705","Kerry L Breno","Whitworth University"
"2424867","269882734","Philip   Measor","Whitworth University"
"2424867","269976105","Aaron   Putzke","Whitworth University"
"2424867","270104809","Melissa   Rogers","Whitworth University"
"2424868","270059362","Sara   Gremillion","Georgia Southern University Research and Service Foundation, Inc"
"2424868","269895698","Kathlyn   Smith","Georgia Southern University Research and Service Foundation, Inc"
"2424868","269923475","Shainaz   Landge","Georgia Southern University Research and Service Foundation, Inc"
"2424868","270042869","Dragos   Amarie","Georgia Southern University Research and Service Foundation, Inc"
"2424868","270060465","Tuyin   An","Georgia Southern University Research and Service Foundation, Inc"
"2424986","269943240","Carlie   Pietsch","San Jose State University"
"2424986","000150971","Ellen P Metzger","San Jose State University"
"2424986","270040623","LeAnne   Teruya","San Jose State University"
"2424986","270046753","Nathaniel A Bogie","San Jose State University"
"2425143","269674954","Niall P Hanan","New Mexico State University"
"2425143","269780474","Brandon   Bestelmeyer","New Mexico State University"
"2425143","269791566","Sasha C Reed","New Mexico State University"
"2425143","269834354","Stephanie V Bestelmeyer","New Mexico State University"
"2425143","269864518","Osvaldo E Sala","New Mexico State University"
"2425290","269706818","Jennifer A Rudgers","University of New Mexico"
"2425290","000241920","Yiqi   Luo","University of New Mexico"
"2425290","000246820","Marcy   Litvak","University of New Mexico"
"2425290","269855561","Seth D Newsome","University of New Mexico"
"2425290","270070737","Alex J Webster","University of New Mexico"
"2425349","269912067","Shachar   Lovett","University of California-San Diego"
"2425350","269959487","Raghu   Meka","UCLA Compter Science"
"2425417","269906593","Robert J Miller","University of California-Santa Barbara"
"2425417","000058148","Daniel C Reed","University of California-Santa Barbara"
"2425417","000187026","Gretchen E Hofmann","University of California-Santa Barbara"
"2425417","269861184","Nicholas J Nidzieko","University of California-Santa Barbara"
"2425417","269981708","Adrian C Stier","University of California-Santa Barbara"
"2425458","269700923","Scott R Friskics","Aaniiih Nakoda College"
"2425936","269744517","Aleksey V Smirnov","Michigan Technological University"
"2425936","270104742","Elisa J Piispa","Michigan Technological University"
"2426037","270006443","Katharine   Tibbetts","Virginia Commonwealth University"
"2426037","270035452","Ka Un   Lao","Virginia Commonwealth University"
"2426103","270012516","Felix   Leditzky","University of Illinois at Urbana-Champaign"
"2426144","270018246","Daniel K Bediako","The Regents of the University of California"
"2426182","270020820","Marcus T Cicerone","Georgia Tech Research Corporation"
"2426182","270003654","Jesse   McDaniel","Georgia Tech Research Corporation"
"2426346","269973838","Daniel G Kuroda","Louisiana State University"
"2426443","269720430","Robert B Findler","Northwestern University"
"2426474","270014439","Jean-Baptiste   Jeannin","Regents of the University of Michigan - Ann Arbor"
"2426523","269890762","Asti Bhatt","SRI International"
"2426524","269763952","Jonathan J Makela","University of Illinois at Urbana-Champaign"
"2426525","270026597","Brian J Harding","University of California-Berkeley"
"2426549","269986026","Martin   Bauer","Florida State University"
"2426550","269970983","Nicolas   Charon","University of Houston"
"2426557","269700923","Scott R Friskics","Aaniiih Nakoda College"
"2426557","270105299","Dennis D Johnson","Aaniiih Nakoda College"
"2426580","270030815","Ali   Jannesari","Iowa State University"
"2426605","000214474","Joy   McCorriston","Ohio State University"
"2426605","270103805","Sydney A Hunter","Ohio State University"
"2426840","000182249","Darrell   Whitley","Colorado State University"
"2426919","270025113","Amir K Miri","New Jersey Institute of Technology"
"2426919","270105453","Teresa L Wood","New Jersey Institute of Technology"
"2426925","000248491","Glenn A Gaetani","Woods Hole Oceanographic Institution"
"2426925","269906387","Brian   Monteleone","Woods Hole Oceanographic Institution"
"2427012","269867619","Zhongming   Zhao","The University of Texas Health Science Center at Houston"
"2427065","000176946","Karl   Sieradzki","Arizona State University"
"2427181","269982473","Ross   Parnell-Turner","University of California-San Diego Scripps Inst of Oceanography"
"2427182","269665843","Juan Pablo   Canales","Woods Hole Oceanographic Institution"
"2427198","270105310","Xuedan   Ma","William Marsh Rice University"
"2427242","270090067","Qian   He","Rowan University"
"2427242","000239288","Debbie A Niemeier","Rowan University"
"2427242","270033084","Mahbubur   Meenar","Rowan University"
"2427257","269964249","Matthias   Waegele","Trustees of Boston College"
"2427318","000021671","Uzi   Vishkin","University of Maryland, College Park"
"2427318","000228187","Manoj   Franklin","University of Maryland, College Park"
"2427321","000076177","Ming   Cai","Florida State University"
"2427321","000171784","Kevin   Speer","Florida State University"
"2427321","269964961","Bryan D Quaife","Florida State University"
"2427321","270104091","Jie   Sun","Florida State University"
"2427322","000231743","Jielun   Sun","NorthWest Research Associates, Incorporated"
"2427323","270062014","David   Schvartzman","University of Oklahoma Norman Campus"
"2427328","270011468","Laura   Waters","New Mexico Institute of Mining and Technology"
"2427328","270038522","Nicole C Hurtig","New Mexico Institute of Mining and Technology"
"2427329","000119392","Mark S Ghiorso","OFM Research"
"2427330","269935804","Aaron S Bell","University of Colorado at Boulder"
"2427396","269892221","Fabiany A Herrera","Field Museum of Natural History"
"2427398","269837981","David M Carballo","Trustees of Boston University"
"2427398","270103837","Alonso G Vicencio","Trustees of Boston University"
"2427440","000256301","Robert D Nowak","University of Wisconsin-Madison"
"2427686","270040597","Tao   Sun","Northwestern University"
"2427827","270056758","Solomon   Adera","Regents of the University of Michigan - Ann Arbor"
"2427828","270035774","Zhenhua   Tian","Virginia Polytechnic Institute and State University"
"2427902","269820901","Maria Victoria   Fernandez Serra","SUNY at Stony Brook"
"2427903","000260728","Kieron J Burke","University of California-Irvine"
"2428169","269998277","Brad J Ramshaw","Cornell University"
"2428427","270064869","Qiang   Liu","Iowa State University"
"2428464","269993216","Inna   Vishik","University of California-Davis"
"2428569","270027745","Weina   Wang","Carnegie-Mellon University"
"2428569","269985257","Gauri   Joshi","Carnegie-Mellon University"
"2428598","269999566","Thomas   Kempa","Johns Hopkins University"
"2428619","269964780","Guy   Bresler","Massachusetts Institute of Technology"
"2428698","270103573","Raymond   Sukhdeo","University of California Los Angeles (UCLA)"
"2428716","269829397","Scott A Showalter","Pennsylvania State Univ University Park"
"2428745","269936153","Nathaniel B Hardy","Auburn University"
"2428775","269975739","Xiaogang   Ma","Regents of the University of Idaho"
"2428806","269778831","Xinmiao   Zhang","Ohio State University"
"2428880","270105186","HAILIN   SANG","Michigan State University"
"2428964","000002398","Rosemary G Gillespie","University of California-Berkeley"
"2428964","269932578","Iryna   Dronova","University of California-Berkeley"
"2428965","269668720","Daniel S Gruner","University of Maryland, College Park"
"2428966","269856908","Ryan   Perroy","University of Hawaii at Hilo"
"2428966","269935002","Jonathan   Price","University of Hawaii at Hilo"
"2428966","270089090","Natalie R Graham","University of Hawaii at Hilo"
"2428981","269947973","Jinhui   Wang","Georgia Institute of Technology"
"2429021","270013253","Mojtaba   Sadegh","Universities Space Research Association"
"2429027","270003353","Shan   Jiang","NASA Marshall Space Flight Center"
"2429078","270063468","Dongchang   Chen","The University of Texas at Austin"
"2429082","269925960","Vidya   Samadi","Clemson University"
"2429163","269859012","Julie   Champion","Georgia Institute of Technology"
"2429163","269694670","Andreas S Bommarius","Georgia Institute of Technology"
"2429239","270106034","Emily   Sprague-Klein","Argonne National Laboratory"
"2429274","269844868","Denise R Simmons","University of Florida"
"2429343","269951716","Matthew R Lakin","Arizona State University"
"2429344","270086649","Ruby   Yu","TERRAFERMA FOODS, INC."
"2429381","269987333","Abdelghani   Laraoui","The Pennsylvania State University"
"2429384","270050830","Rohan   Padhye","Carnegie-Mellon University"
"2429405","270104652","Tianfang   Han","The Ohio State University"
"2429415","000207262","Ranjan   Mukherjee","Michigan State University"
"2429415","270020255","Wei-Che   Tai","Michigan State University"
"2429416","270105889","Olja   Simoska","University of Cincinnati"
"2429418","269942641","Sydne   Record","The Ohio State University"
"2429424","270096890","Xingsheng   Sun","Johns Hopkins University"
"2429450","270097817","David   Jones","University of Hawaii"
"2429466","269792598","Brian W O'Shea","Michigan State University"
"2429466","269669885","Ronald W Henry","Michigan State University"
"2429466","269941729","Donald R DuRousseau","Michigan State University"
"2429466","270072478","Kathleen   Fitzpatrick","Michigan State University"
"2429466","270106354","Jonathan M Barber","Michigan State University"
"2429473","270105292","Nicholas R MacDonald","Boston University"
"2429498","270103728","Alexis   Hardesty","Texas Woman's University"
"2429498","269887782","Alison   Marr","Texas Woman's University"
"2429498","269934820","Raegan   Higgins","Texas Woman's University"
"2429498","270105892","Sofia R Martinez Alberga","Texas Woman's University"
"2429498","270105896","Kelly R Buch","Texas Woman's University"
"2429504","269993164","Jie   Ling","The University of Alabama in Huntsville"
"2429505","269908897","Luis A Duffaut Espinosa","University of Vermont & State Agricultural College"
"2429513","269971055","Alejandro   Salado","University of Arizona"
"2429522","269983945","Drew M Peltier","Northern Arizona University"
"2429540","270089041","Gang   Li","University of Miami"
"2429557","270026317","Farzad   Ferdowsi","NASA Glenn Research Center"
"2429560","270039581","Brian C Burkhart","OKLAHOMA STATE REGENTS FOR HIGHER EDUCATION"
"2429560","269676299","Evan C Lemley","OKLAHOMA STATE REGENTS FOR HIGHER EDUCATION"
"2429560","269889330","Franklin   Fondjo-Fotou","OKLAHOMA STATE REGENTS FOR HIGHER EDUCATION"
"2429560","270060383","April D Goode","OKLAHOMA STATE REGENTS FOR HIGHER EDUCATION"
"2429560","270102911","William   Bradford","OKLAHOMA STATE REGENTS FOR HIGHER EDUCATION"
"2429580","270063597","Han   Hu","NASA Glenn Research Center"
"2429581","269986037","Xiangbo   Meng","National Renewable Energy Laboratory"
"2429582","269985197","Yu   Feng","University of California, Los Angeles"
"2429592","269997452","Meng   Zhou","University of California, Irvine"
"2429594","270089028","Nathan   Spulak","NASA Glenn Research Center"
"2429623","269892455","Karen Wawrousek","University of Wyoming"
"2429640","270035474","William J Gannon","Oak Ridge National Laboratory"
"2429662","270049083","Asheesh   Lanba","University of Michigan"
"2429675","269880878","Mousa S Ayyash","Chicago State University"
"2429675","269822771","Edmundo   Garcia-Solis","Chicago State University"
"2429683","270043114","Ethan B Secor","NASA - Marshall Space Flight Center"
"2429687","270106370","Tze Ning   Hiew","University of Connecticut"
"2429695","270004060","Kemp   Plumb","Brookhaven National Laboratories"
"2429708","270053068","Shunyu   Liu","Argonne National Laboratory"
"2429709","270088371","JuHyeong   Ryu","University of South Carolina"
"2429718","269856870","Brian A Counterman","Smithsonian Institution"
"2429752","270105273","Ayush   Asthana","Pacific Northwest National Laboratory"
"2429761","270089116","Yen-Fang   Su","Oak Ridge National Laboratory"
"2429769","270031547","Van Minh Tuan   Le","University of California, San Diego"
"2429771","270059660","Ana   Colaco Morais","Washington University"
"2429775","270088703","Yang   Cao","Iowa State University"
"2429781","269818894","Jennifer L Grindstaff","University of Pittsburgh"
"2429901","270050468","Christine M Albano","Nevada System of Higher Education, Desert Research Institute"
"2429932","269989655","Chengbin   Deng","University of Oklahoma Norman Campus"
"2429960","270092018","Zuobin   Xiong","University of Southern California"
"2429968","270102651","Leif   Nelson","Boise State University"
"2429968","269981795","Casey R Kennington","Boise State University"
"2429988","270011269","Juan   Montes","American Museum Natural History"
"2429988","269793268","Frank T Burbrink","American Museum Natural History"
"2429988","270011318","Michael J Benedetto","American Museum Natural History"
"2430001","269934512","Georgia K Stuart","University of Massachusetts Amherst"
"2430001","270094218","Thomas L Bernardin","University of Massachusetts Amherst"
"2430001","270103682","Peter   Chien","University of Massachusetts Amherst"
"2430006","269765715","Endawoke   Yizengaw","Aerospace Corporation"
"2430006","270105837","Brett A McCuen","Aerospace Corporation"
"2430007","000193461","Cesar E Valladares","Boston College"
"2430007","269920984","Keith   Groves","Boston College"
"2430050","269965416","Jose   Carrion Muniz","Texas Christian University"
"2430050","000072086","Efton   Park","Texas Christian University"
"2430050","269741132","Greg B Friedman","Texas Christian University"
"2430050","270095819","Travis B Russell","Texas Christian University"
"2430109","269899084","Chinedum   Okwudire","Regents of the University of Michigan - Ann Arbor"
"2430110","269823262","Albert C To","University of Pittsburgh"
"2430141","269902410","Tracy   Futhey","Duke University"
"2430141","269902195","J. Michael   Barker","Duke University"
"2430141","269926092","Kaushik   Roy","Duke University"
"2430141","269957586","Charles L Kneifel","Duke University"
"2430141","270059747","Tracy   Doaks","Duke University"
"2430156","270024300","Michelle   Hobbins","Carthage College"
"2430156","270105987","Ryan M Ade","Carthage College"
"2430156","270106242","Mark   Mahoney","Carthage College"
"2430158","270046494","Robert   Fleming","Arkansas State University Main Campus"
"2430158","270105022","Jonathan   Stubblefield","Arkansas State University Main Campus"
"2430158","270106166","Alexandr M Sokolov","Arkansas State University Main Campus"
"2430158","270106423","Sudeepa   Bhattacharyya","Arkansas State University Main Campus"
"2430193","269983128","Neranjan   Edirisinghe Pathirannehe","Georgia State University"
"2430193","270027811","Dustin   Kempton","Georgia State University"
"2430193","270106435","Peter   Molnar","Georgia State University"
"2430199","269957274","Carrie   Rampp","Franklin and Marshall College"
"2430199","000141941","Dorothy J Merritts","Franklin and Marshall College"
"2430199","269821697","Jaime   Blair","Franklin and Marshall College"
"2430199","269925957","Justin D Brody","Franklin and Marshall College"
"2430199","270046564","Jason B Brooks","Franklin and Marshall College"
"2430215","270105439","Stephen A Houser","Bowdoin College"
"2430219","000264988","Jill   Gemmill","Clemson University"
"2430219","000225304","John F Wheeler","Clemson University"
"2430219","269979220","James E Brenn","Clemson University"
"2430219","270024556","Paul   Sagona","Clemson University"
"2430219","270106136","Anthony B Caldwell","Clemson University"
"2430234","270076188","Adam P Caprez","University of Nebraska-Lincoln"
"2430234","269903453","Hongfeng   Yu","University of Nebraska-Lincoln"
"2430234","270054154","Derek J Weitzel","University of Nebraska-Lincoln"
"2430234","270106585","Garhan   Attebury","University of Nebraska-Lincoln"
"2430236","269963038","Tae Hyuk   Ahn","Saint Louis University"
"2430236","269979378","Flavio   Esposito","Saint Louis University"
"2430236","270030515","Reza   Tourani","Saint Louis University"
"2430236","270052953","Jie   Hou","Saint Louis University"
"2430236","270094203","Maureen J Donlin","Saint Louis University"
"2430237","269898930","Lev S Gonick","Arizona State University"
"2430237","269898694","Derek A Masseth","Arizona State University"
"2430270","269933877","Nihat   Altiparmak","University of Louisville"
"2430270","270019561","Lee M Thompson","University of Louisville"
"2430270","270022904","Badri   Narayanan","University of Louisville"
"2430270","270063931","Sabur Hassan   Baidya","University of Louisville"
"2430270","270106464","Rui   Yu","University of Louisville"
"2430289","269747704","Ramazan   Aygun","Kennesaw State University Research and Service Foundation"
"2430289","269897250","Abhishek   Parakh","Kennesaw State University Research and Service Foundation"
"2430289","269987444","Mahmut   Karakaya","Kennesaw State University Research and Service Foundation"
"2430289","270038644","Tu N Nguyen","Kennesaw State University Research and Service Foundation"
"2430291","270106415","Bob   Lim","San Jose State University Foundation"
"2430291","269954813","Ehsan   Khatami","San Jose State University Foundation"
"2430291","269991894","Feruza   Amirkulova","San Jose State University Foundation"
"2430292","270022923","Soledad   Villar","Johns Hopkins University"
"2430335","270057120","Izzat   Alsmadi","Texas A&M University-San Antonio"
"2430335","269974961","Dhruva   Chakravorty","Texas A&M University-San Antonio"
"2430335","270072998","Elizabeth   Leyva","Texas A&M University-San Antonio"
"2430335","270105496","Donna M Lehman","Texas A&M University-San Antonio"
"2430335","270106623","Vijay   Golla","Texas A&M University-San Antonio"
"2430341","269749230","Allen B MacKenzie","Tennessee Technological University"
"2430341","269757232","Tamara   Rogers","Tennessee Technological University"
"2430341","269873485","John F Wallin","Tennessee Technological University"
"2430341","269945557","Donald   Reising","Tennessee Technological University"
"2430341","270034671","Susmit   Shannigrahi","Tennessee Technological University"
"2430342","000178097","Cynthia   Barnhart","Massachusetts Institute of Technology"
"2430342","269923533","Roman   Lubynsky","Massachusetts Institute of Technology"
"2430345","269951484","Qingyang   Wang","Louisiana State University"
"2430345","269705880","Yimin   Zhu","Louisiana State University"
"2430345","269747660","Shuangqing   Wei","Louisiana State University"
"2430345","269914720","Le   Yan","Louisiana State University"
"2430361","000268323","Manish   Parashar","University of Utah"
"2430361","269685232","Thomas E Cheatham","University of Utah"
"2430361","269853145","Zachariah   Gompert","University of Utah"
"2430361","270106489","Penny R Atkins","University of Utah"
"2430361","270106642","Harish K Maringanti","University of Utah"
"2430366","269921322","Christopher   Hennigan","University of Maryland Baltimore County"
"2430367","269880127","Ann Marie G Carlton","University of California-Irvine"
"2430374","270051343","Jun   Chen","Oakland University"
"2430375","270077415","Anurag   Anshu","Harvard University"
"2430375","270051957","Sitan   Chen","Harvard University"
"2430408","000166445","John F Stanton","University of Florida"
"2430454","270106645","Genady   Grabarnik","Saint John's University"
"2430454","269713514","Alexander A Katz","Saint John's University"
"2430454","269984648","Igor   Nikolaev","Saint John's University"
"2430454","270066452","Orli   Herscovici","Saint John's University"
"2430460","270094688","Yunhui   He","University of Houston"
"2430460","270002680","Andreas   Mang","University of Houston"
"2430460","270034635","LOIC   CAPPANERA","University of Houston"
"2430460","270051587","Min   Wang","University of Houston"
"2430478","270106658","Karen E Smith","Restore America's Estuaries"
"2430527","270004319","Chad J Davis","Turtle Mountain Community College"
"2430557","270106397","Shane D Cline","METEORA3D, INCORPORATED"
"2430572","269986757","Chelsea M Magin","University of Colorado at Denver"
"2430573","270069072","Amy L Ryan","University of Iowa"
"2430575","270058814","Ruobing   Bai","Northeastern University"
"2430576","270086101","Shaoting   Lin","Michigan State University"
"2430626","270049127","Koji   Sode","University of North Carolina at Chapel Hill"
"2430673","269962184","Lap Fai   Yu","George Mason University"
"2430673","270037783","Joel   Martin","George Mason University"
"2430793","270000872","Bladimir   Ramos Alvarado","Pennsylvania State Univ University Park"
"2430793","269708328","Seong H Kim","Pennsylvania State Univ University Park"
"2430793","269742392","Adri C van Duin","Pennsylvania State Univ University Park"
"2430794","270055515","Ashutosh   Giri","University of Rhode Island"
"2430816","269741389","Rene   Vidal","University of Pennsylvania"
"2430849","270092102","Bagrat   Mailyan","Florida Institute of Technology"
"2430871","269948560","Dario A Arena","University of South Florida"
"2430871","269847821","Humberto Rodriguez Gutierrez","University of South Florida"
"2430920","270083883","Avik   Dutt","University of Maryland, College Park"
"2430920","270069691","Carlos A Rios Ocampo","University of Maryland, College Park"
"2431083","269956591","Gunes   Uzer","Boise State University"
"2431083","269792827","Matthew L Ferguson","Boise State University"
"2431083","270004939","Aykut C Satici","Boise State University"
"2431083","270030467","Clare   Fitzpatrick","Boise State University"
"2431084","270106674","Danielle   Wu","The University of Texas Health Science Center at Houston"
"2431357","269984615","Tsao-Hsien   Chen","Centre de Recherches Mathematiques (CRM)"
"2431455","000241055","Joshua M Wurman","University of Alabama in Huntsville"
"2431492","270059114","Michael R Hudak","Williams College"
"2431493","270025101","Peter   Barry","Woods Hole Oceanographic Institution"
"2431493","269896580","Veronique   Le Roux","Woods Hole Oceanographic Institution"
"2431505","270079259","Qi   Guo","Purdue University"
"2431505","269945308","Stanley H Chan","Purdue University"
"2431531","270071974","Deepti   Gupta","Texas A&M University - Central Texas"
"2431532","270028433","Jia   Zou","Arizona State University"
"2431684","269907407","Majid   Minary-Jolandan","University of Texas at Dallas"
"2431684","270105744","Judson L Boothe","University of Texas at Dallas"
"2431712","269900032","Jason P Londo","Cornell University"
"2431713","269939712","Misha T Kwasniewski","Pennsylvania State Univ University Park"
"2431714","000174845","Anne   Fennell","South Dakota State University"
"2431715","269727978","Laszlo G Kovacs","Missouri State University"
"2431716","269695457","Allison J Miller","Donald Danforth Plant Science Center"
"2431741","269818250","Pablo   Sobrado","Missouri University of Science and Technology"
"2431742","000269430","John J Tanner","The Curators of the University of Missouri"
"2431762","269664684","Ranil   Wickramasinghe","University of Arkansas"
"2431868","269899334","Jason T Stauth","Dartmouth College"
"2431872","269923553","William   Ratcliff","Georgia Tech Research Corporation"
"2431970","269918776","Daniel R Chavas","Purdue University"
"2431970","270106054","Danyang   Wang","Purdue University"
"2431978","269879333","Kenneth M Sylvester","Regents of the University of Michigan - Flint"
"2431978","269988609","Mohamed Wiem M Mkaouer","Regents of the University of Michigan - Flint"
"2432082","270022961","Yaser M Banad","University of Oklahoma Norman Campus"
"2432082","270050051","Thirumalai   Venkatesan","University of Oklahoma Norman Campus"
"2432082","270079434","Su-in   Yi","University of Oklahoma Norman Campus"
"2432130","269985281","Ashwin   Shahani","Regents of the University of Michigan - Ann Arbor"
"2432130","269723019","Katsuyo S Thornton","Regents of the University of Michigan - Ann Arbor"
"2432130","269921805","David   Weiss","Regents of the University of Michigan - Ann Arbor"
"2432130","269991916","Alan   Taub","Regents of the University of Michigan - Ann Arbor"
"2432190","269726860","James   Wanliss","Anderson University"
"2432191","269986199","Olivier   Coutier-Delgosha","Virginia Polytechnic Institute and State University"
"2432192","270057083","Aswin   Gnanaskandan","Worcester Polytechnic Institute"
"2432219","269922138","Shaddin Dughmi","University of Southern California"
"2432379","269907502","Hsin-Chih   Yeh","University of Texas at Austin"
"2432379","270107110","Lief   Fenno","University of Texas at Austin"
"2432386","000031618","Peter A Siver","Connecticut College"
"2432394","269965213","Roberto   Tron","Trustees of Boston University"
"2432394","270068114","Andrew P Sabelhaus","Trustees of Boston University"
"2432512","269813712","Joachim   Frank","The Trustees of Columbia University in the City of New York"
"2432526","270092667","Alex   Haberlie","Northern Illinois University"
"2432531","269679469","Amber M VanDerwarker","University of California-Santa Barbara"
"2432531","270106762","Sarah   Noe","University of California-Santa Barbara"
"2432559","270104763","Shanbao   Cheng","BioDynamik Inc."
"2432598","269896834","Christine   McCarthy","Lamont-Doherty Earth Observatory"
"2432599","270076197","Seth   Saltiel","Cornell University"
"2432600","269681057","Emily E Brodsky","University of California-Santa Cruz"
"2432625","270036219","Laiyin   Zhu","Western Michigan University"
"2432635","269904922","Ibrahim   Demir","University of Iowa"
"2432635","270084092","Yusuf   Sermet","University of Iowa"
"2432654","270064813","Kyle   Blount","University of Illinois Springfield"
"2432698","270028747","Eric W Portenga","Eastern Michigan University"
"2432705","270068385","Jill L Riddell","Chatham College"
"2432705","270106958","Ryan   Utz","Chatham College"
"2432738","270107290","Ryan   Akman","Georgia Institute of Technology"
"2432794","269970939","Patricia A Cleary","University of Wisconsin-Eau Claire"
"2432856","270107260","Jordan T Koehn","FORAGR MEDICINES, INC"
"2432875","270103931","Jennifer L Goff","SUNY College of Environmental Science and Forestry"
"2432888","270107392","Hossein   Alisafaee","CORLENS INC."
"2432890","270107356","Gerard   Ostheimer","DUET BIOSYSTEMS, INC"
"2432890","269809854","Samuel V Scarpino","DUET BIOSYSTEMS, INC"
"2432898","270088004","Timothy M Wannier","WILD MICROBES CO"
"2432908","269792812","Anders M Jorgensen","New Mexico Institute of Mining and Technology"
"2432908","270006101","Denny M Oliveira","New Mexico Institute of Mining and Technology"
"2432932","270107078","Joshua   Yang","BRIGHTLIGHT PHOTONICS, INC"
"2432932","270083880","Kiyoul   Yang","BRIGHTLIGHT PHOTONICS, INC"
"2433099","270078770","Jessica R Deters","University of Nebraska-Lincoln"
"2433100","270036166","Andrew   Katz","Virginia Polytechnic Institute and State University"
"2433100","269923912","David   Knight","Virginia Polytechnic Institute and State University"
"2433101","269761911","Maura J Borrego","University of Texas at Austin"
"2433232","269953742","Ioannis   Kougioumtzoglou","Columbia University"
"2433244","270094973","Liqun   Ning","Cleveland State University"
"2433244","269985939","Geyou   Ao","Cleveland State University"
"2433244","270107039","Megan   Jack","Cleveland State University"
"2433330","269744182","Theodore B Callier","Grambling State University"
"2433330","270107599","Ebony   Turner","Grambling State University"
"2433349","270083827","Emma E Dixon","Clemson University"
"2433350","270105443","Alisha   Pradhan","New Jersey Institute of Technology"
"2433355","269766797","Paul E Marek","Virginia Polytechnic Institute and State University"
"2433475","269968347","Shu-Wei   Huang","University of Colorado at Boulder"
"2433475","269709130","Wounjhang   Park","University of Colorado at Boulder"
"2433476","269966004","Matthias   Morzfeld","University of California-San Diego Scripps Inst of Oceanography"
"2433476","000011664","Steven C Constable","University of California-San Diego Scripps Inst of Oceanography"
"2433483","270105087","Alexander   Linan","Missouri Botanical Garden"
"2433483","000116863","Porter P Lowry","Missouri Botanical Garden"
"2433483","269939917","Adam B Smith","Missouri Botanical Garden"
"2433594","269901452","Tessa M Burch-Smith","Donald Danforth Plant Science Center"
"2433594","269659198","Kirk J Czymmek","Donald Danforth Plant Science Center"
"2433595","000124624","Wah   Chiu","Board of Trustees of the Leland Stanford Junior University"
"2433655","270091062","Maria   Maldonado","University of California-Davis"
"2433720","270068786","Adam B Birchfield","Texas A&M Engineering Experiment Station"
"2433763","269798683","Xudong   Wang","University of Wisconsin-Madison"
"2433766","269948174","Mehdi   Nikkhah","Arizona State University"
"2433788","269770920","John   Chaput","University of California-Irvine"
"2433923","000257392","Edward W Knightly","William Marsh Rice University"
"2433924","000255189","Daniel   Mittleman","Brown University"
"2433977","269831495","Mikhail V Matz","University of Texas at Austin"
"2434053","269751821","Shiwen   Mao","Auburn University"
"2434054","270083703","Mingzhe   Chen","University of Miami"
"2434162","269862407","Magdy Akladios","University of Houston - Clear Lake"
"2434162","270040255","Ariful I Bhuiyan","University of Houston - Clear Lake"
"2434162","269858196","Jana M Willis","University of Houston - Clear Lake"
"2434162","270076854","Serkan Caliskan","University of Houston - Clear Lake"
"2434247","269757466","Hao   Zheng","University of South Florida"
"2434336","269803606","Jamesina J Simpson","University of Utah"
"2434336","269788528","Elizabeth A Jensen","University of Utah"
"2434390","269961770","Kevin C Rose","Rensselaer Polytechnic Institute"
"2434391","269899892","Lesley B Knoll","Miami University"
"2434391","269887518","Thomas J Fisher","Miami University"
"2434391","269897548","Jing   Zhang","Miami University"
"2434407","269960596","Christine R Kirkpatrick","University of California-San Diego"
"2434464","269987202","Cathy Y Wong","University of Oregon Eugene"
"2434519","270061823","Farhad   Imani","University of Connecticut"
"2434519","269728730","Jiong   Tang","University of Connecticut"
"2434543","270108021","Sujata   Mandal","Texas State University - San Marcos"
"2434543","269994379","Jana R Minifie","Texas State University - San Marcos"
"2434543","270108045","Keya   Sen","Texas State University - San Marcos"
"2434545","269709978","Daniel J Kliebenstein","University of California-Davis"
"2434557","270107426","William S Chamberlin","Fullerton College"
"2434557","270098723","Roman P de Jesus","Fullerton College"
"2434588","269737918","Wallace   Marshall","University of California-San Francisco"
"2434588","269758825","H S Philip   Wong","University of California-San Francisco"
"2434588","269782272","Ada Shuk Yan   Poon","University of California-San Francisco"
"2434602","269865355","Ruomei   Gao","SUNY at Old Westbury"
"2434622","269775530","Eric   Potma","University of California-Irvine"
"2434622","270060345","Maxx   Arguilla","University of California-Irvine"
"2434622","270098457","Dmitry   Fishman","University of California-Irvine"
"2434644","270069752","Simon J Brandl","University of Texas at Austin"
"2434644","269707989","Nico M Franz","University of Texas at Austin"
"2434645","269985370","Luke   Tornabene","University of Washington"
"2434648","270022974","Brendan T Reilly","Lamont Doherty Earth Observatory of Columbia University"
"2434649","000243413","Joseph S Stoner","Oregon State University"
"2434715","269893945","Yvonne   Kao","WestEd"
"2434715","270080402","David   McKinney","WestEd"
"2434716","270019647","Nishant   Malik","Rochester Institute of Tech"
"2434728","269963794","Dongchul Kim","The University of Texas Rio Grande Valley"
"2434728","270032239","Tamer F Oraby","The University of Texas Rio Grande Valley"
"2434728","269824203","Timothy J Huber","The University of Texas Rio Grande Valley"
"2434728","270031999","Hansapani S Rodrigo","The University of Texas Rio Grande Valley"
"2434728","270090586","Erik Enriquez","The University of Texas Rio Grande Valley"
"2434732","270107968","Betsy   Flood","Alamo Community College District Northeast Lakeview College"
"2434732","270107995","Sue E Stankus","Alamo Community College District Northeast Lakeview College"
"2434737","270010172","Jenna Wong","San Francisco State University"
"2434737","270063493","Shahrukh Humayoun","San Francisco State University"
"2434739","269747768","Amit M Kanvinde","University of California-Davis"
"2434764","270107637","Alesha   Fox","The College Board"
"2434764","270027340","Tammy R Pirmann","The College Board"
"2434764","270107645","Natalie A Miller","The College Board"
"2434764","270108044","Sandra L Czajka","The College Board"
"2434768","270096086","Carrie R Jackson","Youngstown State University"
"2434768","269857395","Abdu   Arslanyilmaz","Youngstown State University"
"2434793","270107936","Jonathan   Dannatt","University of Dallas"
"2434794","270068131","Kathryn M Rich","American Institutes for Research in the Behavioral Sciences"
"2434794","270071564","Dajung   Oh","American Institutes for Research in the Behavioral Sciences"
"2434794","270083746","Kathleen L Bosch-Wilson","American Institutes for Research in the Behavioral Sciences"
"2434794","270086288","Heather   Cunningham","American Institutes for Research in the Behavioral Sciences"
"2434807","270086012","Larry   Wyn","Grand Valley State University"
"2434807","269689308","Kathryn   Fisler","Grand Valley State University"
"2434807","269979954","Emmanuel T Schanzer","Grand Valley State University"
"2434844","269915200","Susan E McGregor","Columbia University"
"2434844","269813893","Wesley B Pitts","Columbia University"
"2434875","269963968","Ehsan Barjasteh","California State University-Long Beach"
"2434875","270087229","Ji-Hwan Kang","California State University-Long Beach"
"2434875","269905774","Roger C Lo","California State University-Long Beach"
"2434875","270000737","Yu Yang","California State University-Long Beach"
"2434899","270092018","Zuobin   Xiong","University of Nevada Las Vegas"
"2434899","269981916","Mingon   Kang","University of Nevada Las Vegas"
"2434899","270007785","Junggab   Son","University of Nevada Las Vegas"
"2434899","270108104","Ying   Guo","University of Nevada Las Vegas"
"2434929","270043083","Francisco   Cervantes","Tides Center"
"2434929","270007581","Joseph P Wilson","Tides Center"
"2434929","270108022","Kara   Bobroff","Tides Center"
"2434939","269750872","Marisa S Otegui","Gordon Research Conferences"
"2435166","269992072","Mackillo   Kira","Regents of the University of Michigan - Ann Arbor"
"2435166","269724722","Jelena   Vuckovic","Regents of the University of Michigan - Ann Arbor"
"2435166","269980661","Zetian   Mi","Regents of the University of Michigan - Ann Arbor"
"2435166","269992077","Parag   Deotare","Regents of the University of Michigan - Ann Arbor"
"2435166","270006053","Zheshen   Zhang","Regents of the University of Michigan - Ann Arbor"
"2435168","269962704","Jaclyn A Lang","Universidad de Santiago de Chile"
"2435212","270016729","Shijia   Pan","University of California - Merced"
"2435244","000194218","Steven M Girvin","Yale University"
"2435244","000236249","Margaret   Martonosi","Yale University"
"2435244","269956570","Michael   Hatridge","Yale University"
"2435244","269999930","Xiaodi   Wu","Yale University"
"2435244","270105740","Steven   Flammia","Yale University"
"2435255","000038850","Mark S Gordon","Iowa State University"
"2435255","000062407","James P Vary","Iowa State University"
"2435255","269869898","Gerardo   Ortiz","Iowa State University"
"2435255","270026140","Philip   Richerme","Iowa State University"
"2435255","270089997","Liyi   Li","Iowa State University"
"2435342","269762318","Mohammad H Elahinia","The University of Toledo"
"2435363","269787281","Ezekiel   Johnston-Halperin","Ohio State University"
"2435363","000164097","Glenn S Daehn","Ohio State University"
"2435363","000247205","Michael E Flatte","Ohio State University"
"2435363","269861806","Danna E Freedman","Ohio State University"
"2435363","270024188","Peter   Maurer","Ohio State University"
"2435378","269970180","Brian J Smith","University of Oregon Eugene"
"2435378","269700373","Paul G Kwiat","University of Oregon Eugene"
"2435378","269848554","Juliet T Gopinath","University of Oregon Eugene"
"2435378","270011971","Peter L Bierhorst","University of Oregon Eugene"
"2435378","270089403","Michael D Mazurek","University of Oregon Eugene"
"2435382","269824312","Eric   Hudson","University of California-Los Angeles"
"2435382","269832208","Hartmut   Haeffner","University of California-Los Angeles"
"2435382","269931694","Alexey   Gorshkov","University of California-Los Angeles"
"2435382","270005182","Yufei   Ding","University of California-Los Angeles"
"2435382","270077708","Karan   Mehta","University of California-Los Angeles"
"2435395","269830375","Fadi   Bou-Abdallah","SUNY College at Potsdam"
"2435418","269993741","Cristian   Cassella","Northeastern University"
"2435418","269887719","Marvin   Onabajo","Northeastern University"
"2435458","000215901","Bruce S Lieberman","University of Kansas Center for Research Inc"
"2435458","270107909","Natalia   López Carranza","University of Kansas Center for Research Inc"
"2435551","269852225","Matthew A Streisfeld","University of Oregon Eugene"
"2435575","269940869","Kyle   Steinfeld","University of California-Berkeley"
"2435649","000236599","Nicholas A Kotov","Regents of the University of Michigan - Ann Arbor"
"2435692","269709051","Daniel   Engebretson","University of South Dakota Main Campus"
"2435735","269960399","Joshua K Hartshorne","MGH Institute of Health Professions"
"2435742","269944891","Li-Hsin   Han","Drexel University"
"2435918","269955683","Sahar   Sharifzadeh","Trustees of Boston University"
"2435971","269724912","Figen A Mekik","Grand Valley State University"
"2435972","000130469","Robert F Anderson","The Trustees of Columbia University in the City of New York"
"2435972","269804565","Martin   Fleisher","The Trustees of Columbia University in the City of New York"
"2436107","000257657","Rajat   Mittal","Johns Hopkins University"
"2436108","269724372","Tyson L Hedrick","University of North Carolina at Chapel Hill"
"2436152","269697907","Wei   Li","University of Texas at Austin"
"2436160","000256038","Arturo A Keller","University of California-Santa Barbara"
"2436168","000127832","Frederick   Hoffman","Florida Atlantic University"
"2436582","000022295","Anne M Grunow","Ohio State University"
"2436582","270108746","Erica L Maletic","Ohio State University"
"2436640","269970459","Javad   Baqersad","Kettering University"
"2436722","270103486","Peng   Ni","University of California-Los Angeles"
"2436723","269896955","Catherine A Macris","Trustees of Indiana University"
"2436802","269960703","Meradeth H Snow","University of Montana"
"2436802","270085514","Lacy J Hazelwood","University of Montana"
"2436812","270071451","Tanya   Hutter","University of Texas at Austin"
"2436842","269670632","Peter H Beckman","Northwestern University"
"2436842","000155140","Eugene F Kelly","Northwestern University"
"2436842","000251899","Nicola J Ferrier","Northwestern University"
"2436842","269778721","Ilkay   Altintas","Northwestern University"
"2436842","269990579","Rajesh   Sankaran","Northwestern University"
"2436865","269682828","Crist S Khachikian","California State University, Northridge"
"2436865","269976862","Daisy R Lemus","California State University, Northridge"
"2436865","270109200","Melissa F Tindage","California State University, Northridge"
"2436908","269828920","Christopher T Morgan","Board of Regents, NSHE, obo University of Nevada, Reno"
"2436908","270105606","Rocky S Brockway","Board of Regents, NSHE, obo University of Nevada, Reno"
"2436928","270049853","Eric A Barefoot","University of California-Riverside"
"2436929","269856467","Doug   Edmonds","Trustees of Indiana University"
"2436937","269947801","Kazuo   Yamazaki","University of Nebraska-Lincoln"
"2436937","269908982","Adam   Larios","University of Nebraska-Lincoln"
"2436937","269927188","Zachary   Bradshaw","University of Nebraska-Lincoln"
"2436937","269927758","Aynur   Bulut","University of Nebraska-Lincoln"
"2436937","270020981","Xukai   Yan","University of Nebraska-Lincoln"
"2436960","269667075","Matthew Zook","University of Kentucky Research Foundation"
"2436960","270097014","Michael J McCanless","University of Kentucky Research Foundation"
"2436976","270062157","Karin   Wuertz-Kozak","Rochester Institute of Tech"
"2436976","269737937","Maureen C Ferran","Rochester Institute of Tech"
"2436990","269667365","Delphis Levia","University of Delaware"
"2436990","270108307","Amirreza Meydani","University of Delaware"
"2437010","269967228","Jessica C Thompson","Yale University"
"2437010","270104094","Alyssa K Enny","Yale University"
"2437030","000217504","Tamal K Dey","Purdue University"
"2437053","270103924","xuguang   cai","University of Colorado at Boulder"
"2437053","269706218","Richard   Eastes","University of Colorado at Boulder"
"2437054","269764143","Shun-Rong   Zhang","Massachusetts Institute of Technology"
"2437074","270108705","Felice A Dunn","University of California-San Francisco"
"2437104","269925828","Lucia   Fernandez-Ballester","University of Nebraska-Lincoln"
"2437124","270103011","Yong Zhou","Utah State University"
"2437125","270032404","Andrew B Davies","Harvard University"
"2437133","270090444","Elizabeth A Morton","SUNY College at Brockport"
"2437134","269820061","Chia-en A Chang","University of California-Riverside"
"2437227","269839445","Matthew G Jackson","University of California-Santa Barbara"
"2437244","270005787","Houlong   Zhuang","Arizona State University"
"2437342","270089311","Tristan D Stevens","Lac Courte Oreilles Ojibwa Community College"
"2437396","270080193","Ryan L Hanson","South Dakota State University"
"2437422","270087542","Eloi   Camprubi Casas","The University of Texas Rio Grande Valley"
"2437497","270099569","Taylor   Hermes","University of Arkansas"
"2437498","269841243","Christina G Warinner","Harvard University"
"2437518","270073454","Russell D Ruediger","Ithaka S+R"
"2437518","000253724","Stefanie A Brachfeld","Ithaka S+R"
"2437518","270108056","Douglas R Dechow","Ithaka S+R"
"2437522","270109167","John J Peters","University of Richmond"
"2437554","269889551","John C Blong","Washington State University"
"2437568","270076638","Alexandra B Kuzmishin Nagy","Earlham College"
"2437635","270076635","Tuan M Tran","University of South Alabama"
"2437635","000205227","Caitilyn   Allen","University of South Alabama"
"2437649","269861365","Anna   Yaroslavsky","University of Massachusetts Lowell"
"2437712","270083810","Vandre C Figueiredo","Oakland University"
"2437713","269876844","Mark P Brynildsen","Princeton University"
"2437728","269937983","Patrick D Curtis","University of Mississippi"
"2437737","269820733","Liba   Pejchar","Colorado State University"
"2437737","269912839","Thomas S Davis","Colorado State University"
"2437737","269993929","Caitlin P Wells","Colorado State University"
"2437738","270105109","Michael A Antonelli","University of Houston"
"2437795","000218034","Sachin S Sapatnekar","University of Minnesota-Twin Cities"
"2437876","000246725","Charles F Baer","University of Florida"
"2437876","269935869","Erik C Andersen","University of Florida"
"2437906","269940616","Wangda   Zuo","Pennsylvania State Univ University Park"
"2437907","000261634","Ning   Lu","Colorado School of Mines"
"2437908","269702376","William   Likos","University of Wisconsin-Madison"
"2437912","270034932","Christopher   Zahasky","University of Wisconsin-Madison"
"2437938","000169634","John W Goodge","University of Minnesota Duluth"
"2437963","000069332","Michael M Khonsari","Louisiana Board of Regents"
"2437963","000245139","Bala R Ramachandran","Louisiana Board of Regents"
"2437963","000246943","Matthew A Tarr","Louisiana Board of Regents"
"2437963","269738489","Fred   Lacy","Louisiana Board of Regents"
"2437963","269950424","Greg B Upton","Louisiana Board of Regents"
"2437985","270087890","Edmond   Watters","SPEARSTONE SOLUTIONS, LLC"
"2438001","270078685","Priyantha   Wijesinghe","University of Vermont & State Agricultural College"
"2438001","270066450","Jason C Garvey","University of Vermont & State Agricultural College"
"2438001","270109252","Jane E Okech","University of Vermont & State Agricultural College"
"2438001","270109472","Colleen   Fairchild","University of Vermont & State Agricultural College"
"2438012","269803365","Nathaniel C Cady","University at Albany"
"2438015","269889372","Mo   Rastgaar","Purdue University"
"2438024","270109417","Raja   Sengupta","University of California-Berkeley"
"2438045","270021126","Kaihang   Wang","California Institute of Technology"
"2438051","269805643","Craig V Spencer","International Centre for Mathematical Sciences"
"2438051","269668098","Scott T Parsell","International Centre for Mathematical Sciences"
"2438112","270087961","Justin C Major","Rowan University"
"2438116","000062673","Gregory S Mountain","Rutgers University New Brunswick"
"2438116","000051513","Kenneth G Miller","Rutgers University New Brunswick"
"2438116","270059500","William J Schmelz","Rutgers University New Brunswick"
"2438132","269798769","Terry J Donaldson","University of Guam"
"2438132","269983140","Bastian   Bentlage","University of Guam"
"2438132","269995105","Cheryl R Sangueza","University of Guam"
"2438132","270031296","Rachael T Leon Guerrero","University of Guam"
"2438132","270109694","Michael   Chan","University of Guam"
"2438140","269705042","Sharanya J Majumdar","University of Miami"
"2438144","269826104","Amy L Slocum","University of Delaware"
"2438144","000156196","Cathy H Wu","University of Delaware"
"2438144","000257178","K. E Wommack","University of Delaware"
"2438144","269903946","Julius   Korley","University of Delaware"
"2438144","270039022","John N Huffman","University of Delaware"
"2438145","269787931","Gulnihal   Ozbay","Delaware State University"
"2438145","269842973","Cherese   Winstead","Delaware State University"
"2438145","270059654","Antonette   Todd","Delaware State University"
"2438156","269749682","Gaurav   Sharma","University of Rochester"
"2438156","270109185","Irving R Barron Martinez","University of Rochester"
"2438168","270093273","Lisa J Chabot","Landmark College"
"2438169","269974465","David   Bond","Bennington College"
"2438182","270016293","Helena W Morrison","Arizona Board of Regents, University of Arizona"
"2438201","269788117","Maria   Labreveux","Kentucky Science & Technology Corporation"
"2438201","269811079","Chi   Shen","Kentucky Science & Technology Corporation"
"2438220","270108459","James   Kelly","Christopher Newport University"
"2438220","270034021","Loribeth M Alvin","Christopher Newport University"
"2438240","270108197","Cara   Buskmiller","Baylor College of Medicine"
"2438252","000216756","Susanne Freidberg","Dartmouth College"
"2438252","270109422","Montserrat Perez Castro Perez","Dartmouth College"
"2438270","270087028","Zachary J Suriano","Western Kentucky University"
"2438274","000156030","Andrew D Hanson","University of Florida"
"2438274","270093162","Catalin   Voiniciuc","University of Florida"
"2438288","270009712","Ryan W Webb","University of Wyoming"
"2438308","269690806","Mark T Stacey","University of California-Berkeley"
"2438308","000269583","Mark   Lubell","University of California-Berkeley"
"2438308","270109537","Zoe   Siegel","University of California-Berkeley"
"2438337","270010867","Chunhua   Sheng","The University of Toledo"
"2438343","269904440","Sivaraj   Sivaramakrishnan","University of Minnesota-Twin Cities"
"2438447","269931101","Robert Q Thomas","Virginia Polytechnic Institute and State University"
"2438447","269675336","Madeline   Schreiber","Virginia Polytechnic Institute and State University"
"2438447","269849813","Cayelan C Carey","Virginia Polytechnic Institute and State University"
"2438447","270068816","Ryan S Calder","Virginia Polytechnic Institute and State University"
"2438478","000250892","Rebecca L Gomez","Arizona Board of Regents, University of Arizona"
"2438478","270109818","Kimberly E Leon","Arizona Board of Regents, University of Arizona"
"2438568","270030136","Miao   Wang","University of North Carolina at Charlotte"
"2438599","269876349","Kun   Sun","George Mason University"
"2438599","269845928","Paulo   Costa","George Mason University"
"2438599","269944982","Jianli   Pan","George Mason University"
"2438599","269945093","Peggy S Brouse","George Mason University"
"2438599","270046472","Md Tanvir   Arafin","George Mason University"
"2438606","000172972","Allard   Jongman","University of Kansas Center for Research Inc"
"2438606","270109749","Corey   McCulloch","University of Kansas Center for Research Inc"
"2438612","270090878","Felix L Santiago-Collazo","University of Georgia"
"2438612","000243345","Thomas L Mote","University of Georgia"
"2438612","269857636","Donald R Nelson","University of Georgia"
"2438612","269869753","Walter F Silva Araya","University of Georgia"
"2438612","270021076","In Kee   Kim","University of Georgia"
"2438633","269777560","Charles B Chang","Trustees of Boston University"
"2438633","270109618","Jupitara   Ray","Trustees of Boston University"
"2438657","269997794","Vijaya B Kolachalama","Trustees of Boston University"
"2438663","000153078","Douglas W Jacobson","Iowa State University"
"2438663","269671996","Manimaran   Govindarasu","Iowa State University"
"2438663","270064973","Berk   Gulmezoglu","Iowa State University"
"2438681","269780695","Christopher   Kennedy","University of Chicago"
"2438681","270108440","Madeline K Snigaroff","University of Chicago"
"2438734","269820659","Lisa   Pearl","University of California-Irvine"
"2438734","269961088","Richard   Futrell","University of California-Irvine"
"2438734","270099835","Niels   Dickson","University of California-Irvine"
"2438735","269972765","Michael   Newman","CUNY Graduate School University Center"
"2438735","270109492","Aidan J Malanoski","CUNY Graduate School University Center"
"2438772","269921341","Fan-Chi   Lin","University of Utah"
"2438773","000130777","Robert W Clayton","California Institute of Technology"
"2438778","269854966","Jason M Amundson","University of Alaska Southeast Juneau Campus"
"2438778","269752263","Eran   Hood","University of Alaska Southeast Juneau Campus"
"2438778","269954449","Gabriel   Wolken","University of Alaska Southeast Juneau Campus"
"2438778","270053183","David R Rounce","University of Alaska Southeast Juneau Campus"
"2438825","270087525","Xiaomin   Chen","University of Alabama in Huntsville"
"2438825","269713203","Olga   Wilhelmi","University of Alabama in Huntsville"
"2438825","269843134","Christopher M Rozoff","University of Alabama in Huntsville"
"2438825","270018084","Eric   Hendricks","University of Alabama in Huntsville"
"2438826","269926352","Pengfei   Xue","Michigan Technological University"
"2438826","269868546","Thomas   Oommen","Michigan Technological University"
"2438826","269924112","Chelsea L Schelly","Michigan Technological University"
"2438826","270109793","Rachael   Pressley","Michigan Technological University"
"2438848","269831536","Jennifer I Schmidt","University of Alaska Anchorage Campus"
"2438848","270026589","Andrew   Newman","University of Alaska Anchorage Campus"
"2438848","270089543","Yifan   Cheng","University of Alaska Anchorage Campus"
"2438848","270090328","Jennifer   Delamere","University of Alaska Anchorage Campus"
"2438848","270109945","Christina   Buffington","University of Alaska Anchorage Campus"
"2438943","270017397","Manuel K Rausch","University of Texas at Austin"
"2438944","270070053","Matthew R Bersi","Washington University"
"2438973","270044462","Eszter   Ronai","Northwestern University"
"2438973","270108538","Cassandra M Davenport","Northwestern University"
"2438985","270072269","Claire A Richards","Washington State University"
"2438985","270002010","Ji Yun   Lee","Washington State University"
"2438985","269984579","Anamika   Dubey","Washington State University"
"2439066","270109788","Janene H Fuerch","Stanford University"
"2439118","270089583","Yizhi   You","Northeastern University"
"2439168","270064141","Laurel E Hind","University of Colorado at Boulder"
"2439188","269979171","Saeed   Nasseh","Georgia Southern University Research and Service Foundation, Inc"
"2439188","269787562","Alina   Iacob","Georgia Southern University Research and Service Foundation, Inc"
"2439188","269887997","Tricia M Brown","Georgia Southern University Research and Service Foundation, Inc"
"2439217","270109717","MD RAF E UL   SHOUGAT","Texas State University - San Marcos"
"2439233","269747914","Kerry A Brenner","National Academy of Sciences"
"2439233","269794060","Elizabeth T Cady","National Academy of Sciences"
"2439291","270109152","Lauren A Metskas","Purdue University"
"2439303","269994739","Binbin   Wang","The Curators of the University of Missouri"
"2439345","270096990","Juan F Patarroyo","University of Puerto Rico Mayaguez"
"2439442","000225896","William S Wilcock","University of Washington"
"2439442","269968551","Marine A Denolle","University of Washington"
"2439462","270068212","Alexandra B Bentz","University of Oklahoma Norman Campus"
"2439516","270092006","Jeffrey G Bell","Washington State University"
"2439548","270096368","Samuel C Nyarko","Trustees of Indiana University"
"2439548","270102312","Stuart M Kenderes","Trustees of Indiana University"
"2439549","269923744","Christine A Regalla","Northern Arizona University"
"2439580","269812524","Marcela   Pierce","North Carolina State University"
"2439581","269659040","Sebastian Y Bednarek","University of Wisconsin-Madison"
"2439582","269830575","Luis   Vidali","Worcester Polytechnic Institute"
"2439593","269946253","Sean P Yee","University of South Carolina at Columbia"
"2439593","269915950","Alice   Churukian","University of South Carolina at Columbia"
"2439594","269958002","Kimberly C Rogers","Bowling Green State University"
"2439594","269929269","Lisa K Hanasono","Bowling Green State University"
"2439640","269679325","Karen I Stocks","University of California-San Diego Scripps Inst of Oceanography"
"2439640","269704766","Shawn R Smith","University of California-San Diego Scripps Inst of Oceanography"
"2439640","269721206","Frank O Nitsche","University of California-San Diego Scripps Inst of Oceanography"
"2439640","270062733","Rebecca   Hudak","University of California-San Diego Scripps Inst of Oceanography"
"2439729","270019998","Dana N Reinemann","University of Mississippi"
"2439750","270046161","Wen   Wu","University of Mississippi"
"2439752","270057197","Tingying   Xu","Oklahoma State University"
"2439815","269943900","Bo   Wu","Colorado School of Mines"
"2439815","270067239","Christine   Liebe","Colorado School of Mines"
"2439893","270031394","David A Nichols","University of Virginia Main Campus"
"2439936","270020904","Carl K Brozek","University of Oregon Eugene"
"2439949","270003863","Alexis   Drouot","University of Washington"
"2439951","270050341","Evgenios   Kornaropoulos","George Mason University"
"2439964","269766218","Sidney L Shaw","Indiana University"
"2440006","269808666","Andrea L Eveland","Donald Danforth Plant Science Center"
"2440012","000064019","Scott   Wolpert","University of Maryland, College Park"
"2440012","269702841","David T Kung","University of Maryland, College Park"
"2440015","270032098","Zhangxian   Deng","Boise State University"
"2440040","270019583","Jamie   Haddock","Harvey Mudd College"
"2440082","270037183","Allison J Lopatkin","University of Rochester"
"2440113","270088267","Sahil Singla","Georgia Institute of Technology"
"2440116","269898569","Jonathan Hu","Baylor University"
"2440119","270095268","Reed K Bay","University of Colorado at Boulder"
"2440121","270092875","Andy I Nguyen","University of Illinois Chicago"
"2440130","270103097","Jiawei   Yang","Worcester Polytechnic Institute"
"2440131","269962409","Christa A Kelleher","Lafayette College"
"2440158","270035224","Ananya   Mallik","University of Arizona"
"2440167","270100801","Avantika   Gori","William Marsh Rice University"
"2440167","269842416","Keri K Stephens","William Marsh Rice University"
"2440167","270057460","James   Doss-Gollin","William Marsh Rice University"
"2440167","270110454","Andrew   Juan","William Marsh Rice University"
"2440175","270078384","Qing   Zhao","Northeastern University"
"2440180","270037329","Ye   Zhang","University of Pennsylvania"
"2440195","000268323","Manish   Parashar","University of Utah"
"2440196","269778721","Ilkay   Altintas","University of California-San Diego"
"2440215","270050991","Yuming   Zhang","Auburn University"
"2440223","270064059","Istvan Kovacs","Northwestern University"
"2440235","270059885","Xuan   Zhang","University of California - Merced"
"2440261","269706818","Jennifer A Rudgers","University of New Mexico"
"2440262","000227450","Catherine A Gehring","Northern Arizona University"
"2440280","270023406","Praveen   Bollini","University of Houston"
"2440280","000137764","Michael P Harold","University of Houston"
"2440303","270012858","Muhammad Saiful   Islam","Jackson State University"
"2440307","270071417","Cynthia   Holland","Williams College"
"2440328","270020644","Evdokiya G Kostadinova","Auburn University"
"2440337","270053274","Gen   Yin","Georgetown University"
"2440354","270109007","Sviatoslav   Baranets","Louisiana State University"
"2440374","270107689","Leslie S Babonis","Cornell University"
"2440375","270104173","Haicen   Yue","University of Vermont & State Agricultural College"
"2440384","269900712","Matthew   Van Den Broeke","University of Nebraska-Lincoln"
"2440385","270092667","Alex   Haberlie","Northern Illinois University"
"2440385","269788514","Walker S Ashley","Northern Illinois University"
"2440442","270092879","Jina   Ko","University of Pennsylvania"
"2440445","270036096","Angelantonio   Tafuni","New Jersey Institute of Technology"
"2440490","270018933","William   Gilpin","University of Texas at Austin"
"2440518","270107785","Lindsay B Case","Massachusetts Institute of Technology"
"2440535","270092185","Joshua   Modell","Johns Hopkins University"
"2440539","270064400","Julia   Gaudio","Northwestern University"
"2440563","270036303","Jelena   Diakonikolas","University of Wisconsin-Madison"
"2440615","269761675","Jef   Caers","Stanford University"
"2440637","270046835","Weiwen   Jiang","George Mason University"
"2440646","270036462","Richard M Veras","University of Oklahoma Norman Campus"
"2440649","269966075","Matthew A McCary","William Marsh Rice University"
"2440680","269945428","Christine R Lee","Texas State University - San Marcos"
"2440699","270077684","Aditi   Bhattacherjee","University of Iowa"
"2440750","270110425","Tao   Zhou","Pennsylvania State Univ University Park"
"2440763","270089216","Zhenglu   Li","University of Southern California"
"2440777","270064092","Deanna M Arble","Marquette University"
"2440783","269960738","Kunal   Mankodiya","University of Rhode Island"
"2440789","269756375","Angelo   Gaitas","Icahn School of Medicine at Mount Sinai"
"2440793","270062175","Yanghyo R Kim","Stevens Institute of Technology"
"2440805","270104266","Adam M Bouland","Stanford University"
"2440824","270054429","Pragya   Sur","Harvard University"
"2440847","270106020","Sung Soo Kim","University of California-Santa Barbara"
"2440857","270088438","Jorge A Marchand","University of Washington"
"2440880","270108051","Chenchen   Song","University of California-Davis"
"2440882","270075930","Amey   Bhangale","University of California-Riverside"
"2440896","270063552","Aleksey   Charapko","University of New Hampshire"
"2440913","270056190","Amie M Gordon","Regents of the University of Michigan - Ann Arbor"
"2440926","270090996","Zeyu   Guo","Ohio State University"
"2440941","270056616","Ming   Yang","Clemson University"
"2440942","270034765","Sarah B King","University of Chicago"
"2440989","270109800","Sabrina   Neuman","Trustees of Boston University"
"2441034","269999311","Michelle   Chu","University of Minnesota-Twin Cities"
"2441051","270100130","Yingying   Wu","University of Florida"
"2441063","270008426","Brian S Cheng","University of Massachusetts Amherst"
"2441071","270019814","Kira Goldner","Trustees of Boston University"
"2441079","270027634","Michelle A Hummel","University of Texas at Arlington"
"2441081","270043039","Yang   Zhang","North Carolina State University"
"2441101","270035452","Ka Un   Lao","Virginia Commonwealth University"
"2441124","270108769","Alicia K Rogers","University of Texas at Arlington"
"2441131","270089741","Alexandra E Strom","Smith College"
"2441136","270053143","Guanpeng   Li","University of Iowa"
"2441137","270020981","Xukai   Yan","Oklahoma State University"
"2441146","270097155","Hamed   Rahmani","New York University"
"2441153","269871383","Anna V Little","University of Utah"
"2441170","270034808","Matthew H Rosenzweig","Carnegie-Mellon University"
"2441184","270088449","Can   Li","Purdue University"
"2441185","270050756","Benjamin   Sanchez Terrones","University of Utah"
"2441210","270049307","James J McCarty","Western Washington University"
"2441227","270096350","Luca V Delacretaz","University of Chicago"
"2441232","270038524","Andrew J Mannix","Stanford University"
"2441238","270056673","Vivishek   Sudhir","Massachusetts Institute of Technology"
"2441258","270014182","Nathalie Lavoine","North Carolina State University"
"2441261","270080525","Alexandra F Paterson","University of Kentucky Research Foundation"
"2441284","270109257","Chang   Lou","University of Virginia Main Campus"
"2441290","270079686","Cheng   Wang","Iowa State University"
"2441297","270057551","Grant M Rotskoff","Stanford University"
"2441313","269945954","Silas   Richelson","University of California-Riverside"
"2441314","270038115","Colleen M Witzenburg","University of Wisconsin-Madison"
"2441334","270072832","Dung   Tran","University of Nebraska-Lincoln"
"2441355","270019618","Kevin P Moran","The University of Central Florida Board of Trustees"
"2441381","270067144","Andrew J Wilson","University of Louisville Research Foundation Inc"
"2441402","270076547","Megan M Butala","University of Florida"
"2441415","269930238","Roxanne S Beltran","University of California-Santa Cruz"
"2441416","270017228","Rebecca A Wachs","Arizona State University"
"2441427","270091416","Amanda K Gibson","University of Virginia Main Campus"
"2441428","269965919","Elizabeth C Sibert","Woods Hole Oceanographic Institution"
"2441452","269985595","Susan E Clark","Stanford University"
"2441465","270071805","Georgia L Mansell","Syracuse University"
"2441470","270046055","Niccolo M Fiorentino","University of Vermont & State Agricultural College"
"2441526","270072727","Ramya   Kumar","Colorado School of Mines"
"2441535","270073296","Sam J Silva","University of Southern California"
"2441575","270109414","HaoSheng   Sun","University of Alabama at Birmingham"
"2441580","270109721","Bhaskar Ray Chaudhury","University of Illinois at Urbana-Champaign"
"2441592","270095576","Tomas   Gonzalez-Fernandez","Lehigh University"
"2441601","270102221","Minjia   Zhang","University of Illinois at Urbana-Champaign"
"2441633","270004334","Hongyang   Sun","University of Kansas Center for Research Inc"
"2441642","270061737","Sara M Freeman","Utah State University"
"2441652","270092288","Morgane   Austern","Harvard University"
"2441687","270079801","Camille L Bilodeau","University of Virginia Main Campus"
"2441694","270052257","Mehdi   Sadi","Auburn University"
"2441696","270061200","Calvin   Henard","University of North Texas"
"2441697","270024981","Kaushik   Ragunathan","Brandeis University"
"2441703","270093453","Ivan A Moreno-Hernandez","Duke University"
"2441717","000190817","William C Fuqua","Trustees of Indiana University"
"2441717","269680372","Sima   Setayeshgar","Trustees of Indiana University"
"2441717","269709707","Bogdan   Dragnea","Trustees of Indiana University"
"2441725","269973242","Wendell W Walters","University of South Carolina at Columbia"
"2441737","270084170","Nicholas B Borotto","Board of Regents, NSHE, obo University of Nevada, Reno"
"2441754","270058026","Pengfei   Su","University of California - Merced"
"2441755","270019204","Angeline G Pendergrass","Cornell University"
"2441757","270056925","Anna-Karin   Gustavsson","William Marsh Rice University"
"2441769","270066302","Rachel   Greenfeld","Northwestern University"
"2441776","270035086","Milan   Delor","Columbia University"
"2441781","270109903","Eslam   Khalaf","Harvard University"
"2441804","270055018","Yifan   Sun","College of William and Mary"
"2441813","270080240","Marat   Latypov","University of Arizona"
"2441822","270072319","Amy Y Xu","Louisiana State University"
"2441824","270110313","Christopher   DelRe","Research Foundation CUNY - Advanced Science Research Center"
"2441832","270091441","Duncan   Watson-Parris","University of California-San Diego Scripps Inst of Oceanography"
"2441838","270014909","Alejandra C Ortiz","Colby College"
"2441842","269928924","Michael   Grillo","Loyola University of Chicago"
"2441874","270069905","Edoardo   Baldini","University of Texas at Austin"
"2441876","270064732","Tim J Zuehlsdorff","Oregon State University"
"2441887","270023024","Elif E Miskioglu","Bucknell University"
"2441893","270109164","Yuan   Cao","University of California-Berkeley"
"2441912","270092487","Murphy Yuezhen   Niu","University of California-Santa Barbara"
"2441973","270066066","Hao   Zheng","The University of Central Florida Board of Trustees"
"2441985","270033263","Michael B Larsen","Western Washington University"
"2441995","269995763","Ben   Xu","University of Houston"
"2442006","270090515","Gül   Zerze","University of Houston"
"2442017","270076894","Rui   Zhu","University of Oklahoma Norman Campus"
"2442018","270110411","Andrew   McShan","Georgia Tech Research Corporation"
"2442036","270047368","Chris   Roh","Cornell University"
"2442046","269894577","Kennet E Flores Reyes","University of North Carolina at Chapel Hill"
"2442091","270092214","Alison B Altman","Texas A&M University"
"2442097","270077320","Wenlin   Zhang","Dartmouth College"
"2442122","270039587","Jimmy H Saw","George Washington University"
"2442159","270047203","Bijaya   Adhikari","University of Iowa"
"2442160","270067902","Junbo   Zhao","University of Connecticut"
"2442203","270070022","Jean-Francois   Louf","Auburn University"
"2442208","270110036","Natalie   Boehnke","University of Minnesota-Twin Cities"
"2442240","270046894","Saiprasad   Ravishankar","Michigan State University"
"2442250","270109495","Nathan W Klein","Trustees of Boston University"
"2442268","269987976","Matthew A Steiner","University of Cincinnati Main Campus"
"2442269","270037054","Xiaonan   Tai","New Jersey Institute of Technology"
"2442271","270089289","Liu   Liu","Rensselaer Polytechnic Institute"
"2442313","270001491","Susanta   Ghosh","Michigan Technological University"
"2442346","270045316","Marc P Dandin","Carnegie-Mellon University"
"2442348","270110151","Felipe Andres   Aburto Guerrero","Texas A&M AgriLife Research"
"2442352","270095759","Christopher P Anderson","University of Illinois at Urbana-Champaign"
"2442361","269889407","Ana Laura   Elias Arriaga","SUNY at Binghamton"
"2442362","270088770","Ilya   Kovalenko","Pennsylvania State Univ University Park"
"2442374","270024431","Roman   Feiman","Brown University"
"2442381","270073882","Ebru   Demir","Lehigh University"
"2442384","270050406","Peihan   Miao","Brown University"
"2442392","270046623","Konstantin   Bukhryakov","Florida International University"
"2442410","270012516","Felix   Leditzky","University of Illinois Urbana-Champaign"
"2442420","270070324","Javad   Mohammadi","University of Texas at Austin"
"2442421","270080222","Eric   Wong","University of Pennsylvania"
"2442433","270039829","Jose Eduardo   Meireles","University of Maine"
"2442441","270037262","James W Shogren-Harris","University of Alabama Tuscaloosa"
"2442450","270053850","Zhongjie   Yu","University of Illinois at Urbana-Champaign"
"2442461","269955963","Stephanie   Balzer","Carnegie-Mellon University"
"2442505","269984616","Nicholas A Mason","Louisiana State University"
"2442513","269823108","Jerry F McManus","Lamont-Doherty Earth Observatory"
"2442526","270072728","Michael P Howard","Auburn University"
"2442531","270033874","Austin D Gray","Virginia Polytechnic Institute and State University"
"2442542","270052807","Natacha   Crooks","University of California-Berkeley"
"2442556","270052592","Lauren   Blum","University of Colorado at Boulder"
"2442586","270033564","Lea   Beneish","University of North Texas"
"2442586","269693271","Olav K Richter","University of North Texas"
"2442586","270032235","Alexander   Bertoloni Meli","University of North Texas"
"2442586","270101928","Debanjana   Kundu","University of North Texas"
"2442615","270110372","Mateo   Díaz Díaz","Johns Hopkins University"
"2442627","270066284","Xin   Liang","University of Kentucky Research Foundation"
"2442645","270025275","Luke T Roling","Iowa State University"
"2442666","270071119","Hao   Sun","University of New Haven"
"2442685","270072206","Steven   Holtzen","Northeastern University"
"2442712","270065991","SUSU   XU","Johns Hopkins University"
"2442713","270089091","Jun-Chau   Chien","University of California-Berkeley"
"2442758","269756375","Angelo   Gaitas","Icahn School of Medicine at Mount Sinai"
"2442772","270055966","Carolyn   Crow","University of Colorado at Boulder"
"2442812","270092073","Soheil   Behnezhad","Northeastern University"
"2442853","270042746","David Andrew B Hyde","Vanderbilt University"
"2442888","270039164","Ji Yong   Shin","Northeastern University"
"2442904","270038678","Demyan E Prokopchuk","Rutgers, The State University"
"2442906","269987375","Erdem   Sasmaz","University of California-Irvine"
"2442949","270078828","Elise A Corbin","University of Delaware"
"2442970","269955915","Wei   Xie","Northeastern University"
"2442976","270019630","An   Wang","Case Western Reserve University"
"2443001","270089228","Aravind   Nagulu","Washington University"
"2443017","270077478","Hsien-Chih   Chang","Dartmouth College"
"2443027","270037332","Stefano   Martiniani","New York University"
"2443033","270052332","Gage   Hills","Harvard University"
"2443045","270092189","Kuikui   Liu","Massachusetts Institute of Technology"
"2443068","270110367","Gabriele   Farina","Massachusetts Institute of Technology"
"2443070","269899674","Sunita R Shah Walter","University of Delaware"
"2443097","270061477","Andre   Wibisono","Yale University"
"2443105","270062021","Wubin   Bai","University of North Carolina at Chapel Hill"
"2443118","269921955","Chris   Richardson","University of California-Santa Barbara"
"2443187","270085600","Linqing   Li","University of New Hampshire"
"2443219","270083390","Zhichao   Cao","Arizona State University"
"2443221","270033418","Sarah   Cannon","Claremont McKenna College"
"2443244","270042793","Umamaheswara R Tida","North Dakota State University Fargo"
"2443280","270092906","Mark   Mondrinos","Tulane University"
"2443309","270079560","Cecilia   Huertas Cerdeira","University of Maryland, College Park"
"2443318","270093326","Megan N Jackson","University of North Carolina at Chapel Hill"
"2443334","270052608","Kwangsung   Oh","University of Nebraska at Omaha"
"2443338","270059671","Zhengtian   Xu","George Washington University"
"2443363","270060612","Linyue   Gao","University of Colorado at Denver"
"2443438","270021320","Sudarsun   Kannan","Rutgers University New Brunswick"
"2443561","270018138","Tanzima Z Islam","Texas State University - San Marcos"
"2443589","270017661","Amit A Levy","Princeton University"
"2443614","270075625","William A Terrano","Arizona State University"
"2443633","270051850","Tong   Shu","University of North Texas"
"2443677","270021118","Ishan G Thakkar","University of Kentucky Research Foundation"
"2443684","270041838","Shuo   Sun","University of Colorado at Boulder"
"2443697","270066936","Karthik C Srikanta","Rutgers University New Brunswick"
"2443704","270102405","Kaiqing   Zhang","University of Maryland, College Park"
"2443722","269892339","Corlett W Wood","University of Pennsylvania"
"2443735","270105254","Maynard M Ball","New York University"
"2443763","269968493","Joshua N Garcia","University of California-Irvine"
"2443784","270040789","Shangjia   Dong","University of Delaware"
"2443817","269954313","Yue   Zhang","Texas A&M University"
"2443820","270038675","Hamidreza   Aghasi","University of California-Irvine"
"2443851","270072989","Mattia   Serra","The Regents of the Univ. of Calif., U.C. San Diego"
"2443857","270035071","Hyeji   Kim","University of Texas at Austin"
"2443867","270083950","Cong   Ma","University of Chicago"
"2443955","270092096","Rees F Garmann","San Diego State University"
"2443971","269661746","Eric J Seibel","University of Washington"
"2443992","270078542","Sitao   Huang","University of California-Irvine"
"2444119","000259070","Thomas   McDade","Northwestern University"
"2444119","270109562","keegan c krause","Northwestern University"
"2444156","000178728","Anne D Yoder","Duke University"
"2444156","270110638","Tristan   Frappier-Brinton","Duke University"
"2444161","000129110","Liza J Shapiro","University of Texas at Austin"
"2444161","270109802","Lydia   Myers","University of Texas at Austin"
"2444162","270020951","Abhinav   Acharya","Case Western Reserve University"
"2444184","269904557","Carson M Murray","George Washington University"
"2444184","270102944","Abigail   McClain","George Washington University"
"2444214","270014297","Bryan   Twarek","COMPUTER SCIENCE TEACHERS ASSOCIATION, LLC."
"2444214","000145442","David S Touretzky","COMPUTER SCIENCE TEACHERS ASSOCIATION, LLC."
"2444214","269913579","Christina   Gardner-McCune","COMPUTER SCIENCE TEACHERS ASSOCIATION, LLC."
"2444214","270105714","Jacob A Koressel","COMPUTER SCIENCE TEACHERS ASSOCIATION, LLC."
"2444218","269942430","Sean   Menke","Lake Forest College"
"2444219","000247119","John T Lill","George Washington University"
"2444220","000227496","Martha R Weiss","Georgetown University"
"2444223","269778122","Amit   Almor","University of South Carolina at Columbia"
"2444223","270102360","Sarah C Wilson","University of South Carolina at Columbia"
"2444246","269806417","Stacy L Rosenbaum","Regents of the University of Michigan - Ann Arbor"
"2444246","270110307","Dominic D Mayo","Regents of the University of Michigan - Ann Arbor"
"2444249","269891295","Deirdre M O'Carroll","Rutgers University New Brunswick"
"2444262","269667595","Lilliam   Casillas-Martinez","PUERTO RICO SCIENCE, TECHNOLOGY AND RESEARCH TRUST"
"2444369","269710811","Katharine M Jack","Tulane University"
"2444369","270108996","Nicholas   Chapoy","Tulane University"
"2444407","269928906","Nadia Chernyak","University of California-Irvine"
"2444408","269964341","Allegra Midgette","Texas A&M University"
"2444442","270068029","Maria A Nieves-Colón","University of Minnesota-Twin Cities"
"2444442","270088587","Laura   Pott","University of Minnesota-Twin Cities"
"2444453","270064310","Chinyere   Knight","Tuskegee University"
"2444462","269905984","Samuel S Urlacher","Baylor University"
"2444462","270100947","Marcela F Pfaff Nash","Baylor University"
"2444516","269787715","Andrea L Baden","CUNY Hunter College"
"2444516","270102679","Aparna   Chandrashekar","CUNY Hunter College"
"2444519","270002079","Jason   McCullough","Iowa State University"
"2444519","269907962","Christine   Berkesch","Iowa State University"
"2444520","269962666","Gareth   Speight","University of Cincinnati Main Campus"
"2444520","269773200","Michael   Goldberg","University of Cincinnati Main Campus"
"2444520","269790517","Leonid   Slavin","University of Cincinnati Main Campus"
"2444521","269888751","Mihai   Tohaneanu","University of Kentucky Research Foundation"
"2444521","000173003","Peter D Hislop","University of Kentucky Research Foundation"
"2444522","270065590","Jie   Deng","Princeton University"
"2444526","000191989","Susan E Perry","University of California-Los Angeles"
"2444526","270100842","Ashley   Mensing","University of California-Los Angeles"
"2444592","270110892","Michael   Pitman","The Trustees of Columbia University in the City of New York"
"2444610","270103323","Mitchell   Irwin","Northern Illinois University"
"2444610","269909711","Karen E Samonds","Northern Illinois University"
"2444610","270103322","Chloé   Gherardi","Northern Illinois University"
"2444631","269669693","Paul D Asimow","California Institute of Technology"
"2444824","270107604","Andrew H Hansen","University of Minnesota-Twin Cities"
"2444853","269891910","Mark   Iwen","Michigan State University"
"2444853","270110606","Simone   Brugiapaglia","Michigan State University"
"2444853","270110786","Tim   Hoheisel","Michigan State University"
"2444883","269971935","Yi   Liu","Morgan State University"
"2444883","269755113","Zhuping   Sheng","Morgan State University"
"2444883","269882502","James G Hunter","Morgan State University"
"2444883","269919817","Oludare   Owolabi","Morgan State University"
"2444883","269950388","Donghee   Kang","Morgan State University"
"2444892","000230442","Yinlun   Huang","Wayne State University"
"2444894","270012343","Daehan   Kwak","Kean University"
"2444894","000232330","Patricia A Morreale","Kean University"
"2444894","269881799","Jing-Chiou   Liou","Kean University"
"2444894","269957276","Ching-Yu   Huang","Kean University"
"2444897","270060011","Mehdi   Ghayoumi","State University of New York College of Technology at Canton"
"2444914","270107263","Ankur   Chattopadhyay","Northern Kentucky University"
"2444914","270055277","Seth A Adjei","Northern Kentucky University"
"2444918","270108453","India   Jackson","Georgia State University"
"2444958","269998988","Jessica P Cerdena","University of Connecticut"
"2444969","269688417","Joe   Omojola","Southern University New Orleans"
"2444969","000206498","Jianzhong   Su","Southern University New Orleans"
"2444969","269876892","Rachid   Belmasrour","Southern University New Orleans"
"2444969","269925474","Theresa N Martines","Southern University New Orleans"
"2444969","270001415","Phyllis   Okwan","Southern University New Orleans"
"2444970","270107647","Adrian D Johns","University of Chicago"
"2444970","270107705","Miguel   Fernandes","University of Chicago"
"2444974","270068227","Nicole C Nelson","University of Wisconsin-Madison"
"2444974","270092257","Bennett   McIntosh","University of Wisconsin-Madison"
"2445015","269691726","Mukul   Sharma","Dartmouth College"
"2445395","270110959","Elise N Erickson","University of Arizona"
"2445426","269867488","Eric   Wells","University of South Florida"
"2445426","270110910","Abby M Vidmar","University of South Florida"
"2445467","000262287","Philip J Erickson","Massachusetts Institute of Technology"
"2445511","000163593","William K Durfee","University of Minnesota-Twin Cities"
"2445584","000007880","Zachary   Sharp","University of New Mexico"
"2445661","270005277","Ross R Maguire","University of Illinois at Urbana-Champaign"
"2445752","270111578","Tavinder K Ark","The Medical College of Wisconsin, Inc."
"2445783","269882502","James G Hunter","Morgan State University"
"2445783","269950388","Donghee   Kang","Morgan State University"
"2445826","270025711","Chunhui R Du","Georgia Tech Research Corporation"
"2445828","269803916","Julie Y Chu","University of Chicago"
"2445828","270101228","Jolen A Martinez","University of Chicago"
"2445841","270062441","Funda   Gultepe","Middle East Technical University"
"2445898","270007293","Bharat   Kunduri","Virginia Polytechnic Institute and State University"
"2445898","000176411","J Michael   Ruohoniemi","Virginia Polytechnic Institute and State University"
"2445898","269746232","Joseph B Baker","Virginia Polytechnic Institute and State University"
"2445898","270111538","Kevin T Sterne","Virginia Polytechnic Institute and State University"
"2445908","269933777","Evan   Flach","American Institute of Chemical Engineers"
"2445943","269909852","Tae Seok   Moon","J. Craig Venter Institute, Inc."
"2445952","269819983","Volker H Rudolf","William Marsh Rice University"
"2445963","000137306","Janet W McGrath","Case Western Reserve University"
"2445963","270108731","Annika O Doneghy","Case Western Reserve University"
"2446038","269985437","Adrienne E Strong","University of Florida"
"2446038","270102036","Chloe   Warpinski","University of Florida"
"2446164","000265033","Kim   Fortun","University of California-Irvine"
"2446164","270108651","Margaret L Tebbe","University of California-Irvine"
"2446197","270076362","Vignesh   Kasinath","University of Colorado at Boulder"
"2446253","269708292","Michael D Frachetti","WASHINGTON UNIVERSITY"
"2446253","270103625","Zhuldyz   Tashmanbetova","WASHINGTON UNIVERSITY"
"2446432","269710220","Mark R Sweeney","University of South Dakota Main Campus"
"2446432","269908612","Ranjeet   John","University of South Dakota Main Campus"
"2446433","270049912","Derek V Mallia","University of Utah"
"2446512","269812869","Anand   Pandian","Johns Hopkins University"
"2446512","270101873","Jhonnatan F Lopez Vega","Johns Hopkins University"
"2446521","270073144","Mark P Stephens","Florida International University"
"2446527","270030525","Yi   Zhou","Texas A&M Engineering Experiment Station"
"2446529","269886224","Jamon A Halvaksz","University of Texas at San Antonio"
"2446529","270093252","Averee M Luhrs","University of Texas at San Antonio"
"2446557","269856216","Caela B O'Connell","University of North Carolina at Chapel Hill"
"2446557","270110808","Rosemary E Gay","University of North Carolina at Chapel Hill"
"2446575","000139154","Gregory A Cutter","Old Dominion University"
"2446576","269879911","Hussain A Abdulla","Texas A&M University Corpus Christi"
"2446594","269773164","Adam L Houston","University of Nebraska-Lincoln"
"2446595","269977812","Nathaniel J Cunningham","Nebraska Wesleyan University"
"2446604","269801745","Seth   Pettie","Regents of the University of Michigan - Ann Arbor"
"2446658","000251967","Wei-Jun   Cai","University of Delaware"
"2446714","269724865","Alex   Sessions","California Institute of Technology"
"2446715","269906176","Hilary G Close","University of Miami"
"2446724","270099673","Brian   Haas","The Regents of the University of California, San Francisco"
"2446802","269970680","Taiquan   Peng","Michigan State University"
"2446802","270111586","Ruth   Heo","Michigan State University"
"2446822","269717710","Julie S Downs","Carnegie-Mellon University"
"2446822","270102473","Wenzhuo   Xu","Carnegie-Mellon University"
"2446863","270088261","Mingyu   Qiao","University of Connecticut"
"2446908","270096048","Andrea Wei   Coladangelo","University of Washington"
"2446908","269878448","Kai-Mei   Fu","University of Washington"
"2446982","269934717","Pablo   Fajgelbaum","National Bureau of Economic Research Inc"
"2446982","269844647","Amit   Khandelwal","National Bureau of Economic Research Inc"
"2446993","270100864","Federico Huneeus","Duke University"
"2446994","270110887","David G Atkin","Massachusetts Institute of Technology"
"2446994","269886989","Dave Donaldson","Massachusetts Institute of Technology"
"2447013","269841410","Katherine   Kinzler","University of Chicago"
"2447013","270108427","Radhika   Santhanagopalan","University of Chicago"
"2447041","269785751","Enyue   Lu","Salisbury University"
"2447074","269824508","Jun   Zhuang","SUNY at Buffalo"
"2447074","270111218","Ian R Unson","SUNY at Buffalo"
"2447137","270092552","Carlos A Paz-Soldan","Columbia University"
"2447173","269685171","Carter T Butts","University of California-Irvine"
"2447173","270102208","Sabrina   Mai","University of California-Irvine"
"2447193","270041471","Yang   Wang","University of Miami"
"2447193","269667269","Chang-Yu   Wu","University of Miami"
"2447193","270086645","Jiayu   Li","University of Miami"
"2447209","269897586","Pablo D Jenik","Franklin and Marshall College"
"2447266","270095683","Charan   Gudla","Mississippi State University"
"2447266","269846243","Andy D Perkins","Mississippi State University"
"2447282","000216125","Michael J Scanlon","Cornell University"
"2447303","269760832","Eric A Stach","University of Pennsylvania"
"2447303","269983097","Mark Licurse","University of Pennsylvania"
"2447314","269957481","Kyle   Chard","University of Chicago"
"2447314","269786973","Rebecca M Willett","University of Chicago"
"2447357","270005092","Sharan   Srinivas","University of Missouri-Columbia"
"2447479","269740159","Pranav   Shrotriya","Iowa State University"
"2447479","269944460","Soumik   Sarkar","Iowa State University"
"2447499","269938410","Joshua S Sunshine","Carnegie-Mellon University"
"2447499","269927599","Claire   Le Goues","Carnegie-Mellon University"
"2447631","269809784","Daqing   Hou","Rochester Institute of Tech"
"2447631","270050746","Zhe   Yu","Rochester Institute of Tech"
"2447647","269851681","Joanna   York","University of Delaware"
"2447660","270011764","Haroon   Malik","Marshall University Research Corporation"
"2447660","270090474","Yousef F Alnadesh","Marshall University Research Corporation"
"2447674","269768002","Ruth H Carmichael","Marine Environmental Sciences Consortium"
"2447687","269742853","Milena O Stanislavova","University of Alabama at Birmingham"
"2447691","269792499","Graham D Sherwood","Gulf of Maine Research Institute"
"2447734","269976809","Geraldine L Cochran","Ohio State University"
"2447779","270052717","Rahul   Gomes","University of Wisconsin-Eau Claire"
"2447779","269953591","Ying   Ma","University of Wisconsin-Eau Claire"
"2447788","269891711","Brianna   Mount","Black Hills State University"
"2447843","269679624","Volodymyr V Kindratenko","University of Illinois at Urbana-Champaign"
"2447843","269730671","Daniel S Katz","University of Illinois at Urbana-Champaign"
"2447856","270011621","Damian   Valles Molina","Texas State University - San Marcos"
"2447869","270088285","Sabine   Botha","Arizona State University"
"2447869","270112184","Mark R Holl","Arizona State University"
"2447887","269955461","Rosalia   Gomez","University of Texas at Austin"
"2447887","269956148","Anne D Bowen","University of Texas at Austin"
"2447947","270082009","Zach   Perzan","University of Nevada Las Vegas"
"2447985","269962619","Jason   Cons","University of Texas at Austin"
"2447985","270091863","Md Robayt   Khondoker","University of Texas at Austin"
"2448094","270048388","Bernadette M Boscoe","Southern Oregon University"
"2448108","269944761","Steven M Heilman","University of Southern California"
"2448109","269967070","Anil S Damle","Cornell University"
"2448109","269841629","David S Bindel","Cornell University"
"2448109","269952516","Alex J Townsend","Cornell University"
"2448113","270003891","Brian S Robinson","University of Louisville Research Foundation Inc"
"2448119","270029002","Ralph E Kleiner","Princeton University"
"2448129","270034738","Anju R Gupta","University of Toledo"
"2448267","269697867","Piotr   Indyk","Massachusetts Institute of Technology"
"2448323","269858234","Amy   Ikui","CUNY Brooklyn College"
"2448445","270039603","Golnaz   Arastoopour Irgens","Vanderbilt University"
"2448500","270093588","Shu   Hu","Purdue University"
"2448532","269926922","Guangbo   Xu","Rutgers University New Brunswick"
"2448532","270098029","Shaoyun   Bai","Rutgers University New Brunswick"
"2448554","269988741","Daniel R Viete","The Johns Hopkins University"
"2448593","269770628","Patrick K Shiu","University of Missouri-Columbia"
"2448623","269781291","Murat   Kantarcioglu","Virginia Polytechnic Institute and State University"
"2448649","270063646","Cassandra   Brooks","University of Colorado at Boulder"
"2448649","000067608","Eileen E Hofmann","University of Colorado at Boulder"
"2448649","269702847","Grant   Ballard","University of Colorado at Boulder"
"2448649","269766449","Sharon E Stammerjohn","University of Colorado at Boulder"
"2448649","270031238","Boyang   Pan","University of Colorado at Boulder"
"2448679","269826753","Matthew   Clay","MECEHTM8DB17"
"2448679","269912867","Jeremy   Van Horn-Morris","MECEHTM8DB17"
"2448709","269834752","Ron   Weiss","Massachusetts Institute of Technology"
"2448709","000089983","Roger D Kamm","Massachusetts Institute of Technology"
"2448939","269994024","David A Delaine","Florida International University"
"2449011","269893603","Liran   Ma","Miami University"
"2449029","269960399","Joshua K Hartshorne","MGH Institute of Health Professions"
"2449069","269945290","Martin   Thuo","North Carolina State University"
"2449071","269748776","Nayda G Santiago","University of Puerto Rico Mayaguez"
"2449098","270007299","Ahyoung   Lee","Kennesaw State University Research and Service Foundation"
"2449174","270110386","David R Conklin","DAYZERO WATER LLC"
"2449178","270111029","Ho-Joon Lee","Yale University"
"2449325","270036582","Roger M Smith","California Institute of Technology"
"2449368","269963502","Pratap   Tokekar","University of Maryland, College Park"
"2449563","270028199","Chang   Liu","University of Massachusetts Amherst"
"2449570","270022039","Ido   Davidesco","Boston College"
"2449626","270094193","Sidi   Lu","College of William and Mary"
"2449637","270025257","Paige A Clayton","Georgia Institute of Technology"
"2449659","269829669","Kevin J Zollman","Carnegie-Mellon University"
"2449660","270000561","Russell J Funk","University of Minnesota-Twin Cities"
"2449679","000233719","Cornelia M Fermuller","University of Maryland, College Park"
"2449679","270063672","Irina   Muresanu","University of Maryland, College Park"
"2449747","269792845","Hosam   Fathy","University of Maryland, College Park"
"2449787","000247490","Efstratia   Kalfagianni","Michigan State University"
"2449787","269723321","Adam S Sikora","Michigan State University"
"2449793","269702484","Jolien D Creighton","University of Wisconsin-Milwaukee"
"2449798","270003780","Onur   Apul","University of Maine"
"2449799","270002928","Arjunkrishna   Venkatesan","New Jersey Institute of Technology"
"2449801","270006164","Martin   Slawski","University of Virginia Main Campus"
"2449909","270014679","Dion   Khodagholy","University of California-Irvine"
"2449927","270019731","Truong X Nghiem","The University of Central Florida Board of Trustees"
"2449948","270062929","Nichole   Ramirez","University of Texas at El Paso"
"2450039","269962012","Zhaoshuo   Jiang","San Francisco State University"
"2450039","270025554","Tao   He","San Francisco State University"
"2450039","270055911","Zhuwei   Qin","San Francisco State University"
"2450161","269754946","Paul   Boyer","Aaniiih Nakoda College"
"2450166","270110304","Sonia   Alconini","University of Virginia Main Campus"
"2450166","270110542","CHRISTIAN G CANCHO RUIZ","University of Virginia Main Campus"
"2450204","270094884","Ruiqing   Shen","Oklahoma State University"
"2450241","269709541","Renato J Figueiredo","Oregon State University"
"2450245","269983542","Brian   Donovan","University of Colorado at Boulder"
"2450309","270057020","Megan   Mucioki","Emory University"
"2450650","270011883","Scott   Wood","University of New England"
"2450671","269999927","Na   Zou","University of Houston"
"2450742","269975235","Renata   Rawlings-Goss","Georgia Institute of Technology"
"2450802","269697094","Blake C Meyers","University of California-Davis"
"2450833","270113442","Nancy   McNamara","ACADEMIC WEB PAGES, INC."
"2450841","269981418","Ozgur   Keles","University of North Carolina at Charlotte"
"2450845","270100015","Aishwarya   Prakash","University of South Alabama"
"2450845","269719418","Thomas   Johnsten","University of South Alabama"
"2450874","269985127","Rebecca L Sansom","Texas A&M University"
"2450954","270112094","Alexander   Suma","NEXUMA L.L.C."
"2450981","270113446","Ava D Segal","STEADI SYSTEMS, LLC"
"2450992","270081647","Emily L Marron","University of Hawaii"
"2451062","270113036","Scott   Sosso","LUCA AI, LLC"
"2451139","270111993","Jeanine   DeFalco","MIXTA RE, INC"
"2451139","270120400","Travis   Falstad","MIXTA RE, INC"
"2451163","269829103","Martine   De Cock","University of Washington Tacoma"
"2451163","270112428","Luca   Foschini","University of Washington Tacoma"
"2451172","270113081","Lina   Sulieman","Vanderbilt University Medical Center"
"2451205","270112044","Carlos B Gutierrez","BIRED IMAGING INC"
"2451306","270113393","Pavan K Kota","ANVIL DIAGNOSTICS INC."
"2451312","270113505","Daw-An   Wu","ELITE NEURO INC"
"2451312","269671260","Ladan   Shams","ELITE NEURO INC"
"2451318","270113177","Babak   Adibi","STELLAR ENGIINE"
"2451348","270113731","Weihao   Qu","Monmouth University Inc"
"2451376","270112735","Md   Arifuzzaman","Missouri University of Science and Technology"
"2451402","270101793","Md Shirajum   Munir","University of West Georgia"
"2451404","270107182","Jonathan   McCandless","GALLOX SEMICONDUCTORS INC."
"2451404","269934593","Khurram K Afridi","GALLOX SEMICONDUCTORS INC."
"2451423","270095085","Xiang   He","Florida Institute of Technology"
"2451457","270040028","Salimeh   Sekeh","San Diego State University Foundation"
"2451489","270112326","Amy   Yeboah","YEBOAH, AMY"
"2451490","270079767","Wenbin   Zhang","Florida International University"
"2451552","270020646","Xinfang   Jin","University of Texas at Dallas"
"2451554","270076846","Matthew   Jones","RESONANTIA DIAGNOSTICS, INC."
"2451577","270094914","Qinglei   Cao","Saint Louis University"
"2451599","270112766","Christopher   Merrill","ND-DIAGENOMIX, INC."
"2451599","269970235","Cheng   Liu","ND-DIAGENOMIX, INC."
"2451609","269913713","Kit Yu Karen Chan","University of Washington"
"2451611","270112585","Xiaopeng   Jiang","Southern Illinois University at Carbondale"
"2451629","270113722","Erina   Vela","BEAMFEED LLC"
"2451629","000143111","Maria C Tamargo","BEAMFEED LLC"
"2451636","270113102","Jinzhen   Wang","University of North Carolina at Charlotte"
"2451637","269884125","Thomas   Shea","University of Hawaii"
"2451644","269722434","Xiaodong   Yan","University of Connecticut"
"2451734","270094505","Gregory N Anderson","Reed College"
"2451755","270027284","Matthew R Siegfried","Colorado School of Mines"
"2451819","269730936","Ece   Erdogmus","Clemson University"
"2451843","269858329","Ugur   Kale","Indiana University"
"2451846","270035432","Ivan G Contreras Palacios","Instituto Superior Tecnico"
"2451846","270003926","Joel D Villatoro","Instituto Superior Tecnico"
"2451847","269986358","Ethan G Hyland","North Carolina State University"
"2451855","269959559","Emily B Pentzer","Texas A&M Engineering Experiment Station"
"2451864","269814330","Jordan P Lewis","University of Alaska Fairbanks Campus"
"2451866","000232970","Kausik   Sarkar","George Washington University"
"2451870","000167191","Rachelle S Heller","George Washington University"
"2451870","000205634","Catherine A Mavriplis","George Washington University"
"2451870","270113031","Elizabeth   Pollitzer","George Washington University"
"2451885","270055373","Cole   Joslyn","Arizona State University"
"2451892","270053458","Ryan D Beemer","Virginia Polytechnic Institute and State University"
"2451935","270112758","Rui   Li","New York University"
"2451946","270063062","Sajedul Talukder","University of Texas at El Paso"
"2451951","270027138","Fei   Wang","Mississippi State University"
"2451960","269927949","Na   Li","Harvard University"
"2451963","270024129","Zhen   Bai","University of Rochester"
"2451982","269899391","Nathaniel   Traaseth","New York University"
"2452005","269817845","Jacqueline   Bennett","SUNY Oneonta"
"2452028","270040889","Shubhra Kanti   Karmaker Santu","The University of Central Florida Board of Trustees"
"2452030","270017401","Hyunyi   Jung","Texas A&M University"
"2452034","269903852","Susan D Renoe","University of Missouri-Columbia"
"2452034","269957174","Brian   Nosek","University of Missouri-Columbia"
"2452063","269738969","Horacio E Castillo","Ohio University"
"2452066","269930047","Elizabeth A Gunderson","Indiana University"
"2452070","269740904","Timothy R Riley","Cornell University"
"2452070","000247887","Kim E Ruane","Cornell University"
"2452070","269742404","Daniel P Groves","Cornell University"
"2452095","269977828","Stephen R Lindemann","Purdue University"
"2452096","269983542","Brian   Donovan","University of Colorado at Boulder"
"2452116","269695151","Benjamin J Owen","University of Maryland Baltimore County"
"2452117","269709541","Renato J Figueiredo","Oregon State University"
"2452130","270033261","Kirill Y Lazebnik","University of Texas at Dallas"
"2452148","269727986","Ana   Hunsinger","INTERNET2"
"2452148","269850743","Dana   Brunson","INTERNET2"
"2452148","270021040","Howard   Pfeffer","INTERNET2"
"2452238","270114020","Steven   Dandaneau","Colorado State University"
"2452263","270112487","Young Rae Choi","Lee Mcloughlin's fieldwork site"
"2452263","270112970","Lee Mcloughlin","Lee Mcloughlin's fieldwork site"
"2452276","269937320","Nodari   Sitchinava","University of Hawaii"
"2452280","000164442","Monica   Olvera de la Cruz","Northwestern University"
"2452280","270113043","Felipe   Jimenez-Angeles","Northwestern University"
"2452296","269907749","Somayeh   Asadi","University of Virginia Main Campus"
"2452322","269868104","Robert L Nagel","Carthage College"
"2452330","270062805","Mohamed S Nafea","Missouri University of Science and Technology"
"2452366","270102951","Neeti   Pokhriyal","Rand Corporation"
"2452366","270112959","Stephanie   Bonds","Rand Corporation"
"2452367","270024038","Soroush   Vosoughi","Dartmouth College"
"2452494","270065696","Shazrene S Mohamed","University of Virginia Main Campus"
"2452501","000267414","Laurent P Saloff-Coste","Cornell University"
"2452501","000258050","Alexander   Teplyaev","Cornell University"
"2452501","269806180","Luke G Rogers","Cornell University"
"2452517","270007481","Tiezheng   Tong","Arizona State University"
"2452520","270113747","Erin E Weeks","SRI International"
"2452540","270089199","Shibaji   Chakraborty","Embry-Riddle Aeronautical University"
"2452641","270067001","George   Domat","Regents of the University of Michigan - Ann Arbor"
"2452726","269719816","Gregory S Tschumper","Missouri University of Science and Technology"
"2452730","000169210","Fred   Valdez","University of Texas at Austin"
"2452730","270089654","Alana R Pengilley","University of Texas at Austin"
"2452751","269847950","Jose P D'Incao","University of Massachusetts Boston"
"2452778","270063925","Hung T Nguyen","University of Illinois at Urbana-Champaign"
"2452816","269984393","Gabriel   Conant","University of Illinois at Chicago"
"2452874","000192611","Laura E Ray","Dartmouth College"
"2453175","270025535","Chengyu   Li","Case Western Reserve University"
"2453218","269926013","Junjie   Zhang","Applied Computer Security Associates"
"2453236","269869627","Matthew T Stover","Temple University"
"2453237","270034122","Maggie   Miller","University of Texas at Austin"
"2453298","270040156","Joseph B Andrews","University of Wisconsin-Madison"
"2453298","270025740","Jingyi   Huang","University of Wisconsin-Madison"
"2453351","270034116","Christopher   Eur","Carnegie-Mellon University"
"2453511","269957358","Jiafeng   Xie","Villanova University"
"2453745","269981839","Steven C Clontz","University of South Alabama"
"2453745","269964393","Elena   Pavelescu","University of South Alabama"
"2453745","269964490","Joanna   Furno","University of South Alabama"
"2453756","270048611","ASIM K DEY","Texas Tech University"
"2453794","269966516","Akram   Alishahi","University of Georgia"
"2453794","000192006","Gordana   Matic","University of Georgia"
"2453794","269826360","Michael   Usher","University of Georgia"
"2453794","270020339","Peter   Lambert-Cole","University of Georgia"
"2453794","270098997","Eduardo   Fernández","University of Georgia"
"2453830","269758417","Denis   Osin","Vanderbilt University"
"2453830","269870019","Spencer D Dowdall","Vanderbilt University"
"2453830","270004800","Carolyn   Abbott","Vanderbilt University"
"2453830","270045491","Filippo   Calderoni","Vanderbilt University"
"2453867","269979105","Ana S Balibanu","Louisiana State University"
"2453881","269926360","Cary L Malkiewich","SUNY at Binghamton"
"2453881","270067110","Lorenzo   Ruffoni","SUNY at Binghamton"
"2453881","270114003","Danika K Van Niel","SUNY at Binghamton"
"2453889","270004924","Mona   Bavarian","University of Nebraska-Lincoln"
"2454002","269825466","William   Wylie","Syracuse University"
"2454027","270046627","Biplav   Srivastava","University of South Carolina at Columbia"
"2454141","270062419","Reza   Nazemi","Colorado State University"
"2500091","269780660","Andrea L Beach","Western Michigan University"
"2500091","269840000","Kadian M Callahan","Western Michigan University"
"2500115","270090268","Fortune S Mhlanga","Meharry Medical College"
"2500115","269764656","Todd P Gary","Meharry Medical College"
"2500119","270064273","Joseph   Chen","University of Louisville Research Foundation Inc"
"2500127","270085371","Manigandan   Kannan","University of Akron"
"2500222","269881534","Todd W Hudnall","Baylor University"
"2500225","000267943","Kenneth W Bromberg","University of Utah"
"2500225","000216342","Richard D Canary","University of Utah"
"2500251","270039832","Admin   Husic","Virginia Polytechnic Institute and State University"
"2500279","269987737","Faisal   Aqlan","University of Louisville Research Foundation Inc"
"2500279","269695613","Ismail   Fidan","University of Louisville Research Foundation Inc"
"2500279","270067153","Md Fashiar   Rahman","University of Louisville Research Foundation Inc"
"2500282","270113039","Fei   Liu","Iowa State University"
"2500301","270071121","Manar M Shoshani","University of Kansas Center for Research Inc"
"2500323","270114883","Jennifer A Bryant","Sesame Workshop"
"2500323","270114882","Akimi   Gibson","Sesame Workshop"
"2500434","269962464","Brian   Krupp","Case Western Reserve University"
"2500450","269984698","Michael   Marshak","University of Wyoming"
"2500662","270053196","Shengwang   Du","Purdue University"
"2500682","269940713","Vassilis   Kekatos","Purdue University"
"2500697","000009935","Patricia A Matrai","Gordon Research Conferences"
"2500816","269726787","Branislav   Nikolic","University of Delaware"
"2500874","270033457","Jingshen   Wang","The Regents of the University of California"
"2500944","269999311","Michelle   Chu","University of Minnesota-Twin Cities"
"2500968","270110804","Dini   Adyasari","Texas A&M University at Galveston"
"2500969","270114827","Xiaolang   Zhang","Florida Atlantic University"
"2501185","270044997","Mostafa   Yourdkhani","Arizona State University"
"2501206","269938877","Kelly M Dorgan","University of Texas at Austin"
"2501232","000262543","John W Towns","University of Illinois at Urbana-Champaign"
"2501232","269960596","Christine R Kirkpatrick","University of Illinois at Urbana-Champaign"
"2501293","269895384","Michael   Nelson","Pennsylvania State Univ University Park"
"2501294","270010349","Amanda   Driscoll","Florida State University"
"2501334","269983325","Meisam   Razaviyayn","University of Southern California"
"2501334","270074334","Giacomo   Nannicini","University of Southern California"
"2501357","270002488","Huijing   Du","University of Nebraska-Lincoln"
"2501357","269759097","Petronela   Radu","University of Nebraska-Lincoln"
"2501365","269843992","Jennifer   Leasure","The Quilt"
"2501442","270025646","Jifu   Tan","SUNY at Binghamton"
"2501466","270114933","Anna   Marshall","University of Tennessee Knoxville"
"2501467","269935523","Nina   Stark","University of Florida"
"2501469","269680091","Thomas J Bieske","University of South Florida"
"2501469","000132789","Dmitry   Khavinson","University of South Florida"
"2501469","269789788","Catherine A Beneteau","University of South Florida"
"2501469","269945983","Joel A Rosenfeld","University of South Florida"
"2501470","270090768","Jennifer M First","University of Missouri-Columbia"
"2501471","269956944","Kelsey N Ellis","University of Tennessee Knoxville"
"2501479","270074539","Dan   Li","University of Wisconsin-Madison"
"2501493","269844019","Yuh Min   Chook","University of Texas Southwestern Medical Center"
"2501526","000234926","Oswaldo   Chinchilla Mazariegos","Yale University"
"2501526","270091274","Adrian E Everett","Yale University"
"2501581","270115145","Tonya   Rich","University of Minnesota-Twin Cities"
"2501606","269916039","Alice   Apley","Documentary Educational Resources"
"2501649","270015239","Shaofeng   Zou","Arizona State University"
"2501693","269825242","Gabor   Szekelyhidi","Northwestern University"
"2501693","000169369","Laszlo   Lempert","Northwestern University"
"2501693","269966996","Tamas   Darvas","Northwestern University"
"2501699","269944839","Anthony R Cummings","Wesleyan University"
"2501929","270018858","Keegan J Moore","Georgia Tech Research Corporation"
"2501971","270018606","Lu Liang","University of California-Berkeley"
"2501994","269865832","Enrica   Viparelli","University of South Carolina at Columbia"
"2501994","270104869","Haiqing   Xu","University of South Carolina at Columbia"
"2501994","270115011","Matthew   Czapiga","University of South Carolina at Columbia"
"2502228","269903047","Marie   Snipes","Kenyon College"
"2502272","270114971","Hassan   Dashtian","University of Texas at Austin"
"2502297","270035023","Patrick   Bitterman","Kent State University"
"2502341","269722294","Shanchieh J Yang","Gonzaga University"
"2502540","270046786","Caterina   Gratton","University of Illinois at Urbana-Champaign"
"2502554","270030032","Daniel K Okamoto","University of California-Berkeley"
"2502558","270009937","Amitai   Shenhav","University of California-Berkeley"
"2502569","269968208","Andrew J Rominger","University of Hawaii"
"2502626","270000313","Rickard F Ewetz","University of Florida"
"2502630","269728829","Erik   Herron","West Virginia University"
"2502630","269913022","Herschel F Thomas","West Virginia University"
"2502630","270004050","Daniel   Sledge","West Virginia University"
"2502631","269848023","Martha   Kropf","University of North Carolina at Charlotte"
"2502631","270115552","Regina   Branton","University of North Carolina at Charlotte"
"2502638","270049845","Abdullah   Eroglu","SUNY Polytechnic Institute"
"2502649","269824199","Marisa   Wolsky","WGBH Educational Foundation"
"2502649","000160076","Andee   Rubin","WGBH Educational Foundation"
"2502654","270095844","Srimanti   Duttagupta","University of Georgia"
"2502654","270096191","Avishek   Dutta","University of Georgia"
"2502655","269883662","Ian   Wheeldon","University of California-Riverside"
"2502675","269846623","Mark   Kisin","Harvard University"
"2502676","269887935","Timothy J Rupert","Johns Hopkins University"
"2502778","269951663","Nicole M Becker","Michigan State University"
"2502793","270022589","Giri Prashanth   Krishnan","Georgia Tech Research Corporation"
"2502793","269908510","Duen Horng   Chau","Georgia Tech Research Corporation"
"2502836","270018934","Anna   Bergstrom","Boise State University"
"2502836","269761916","Jennifer   Pierce","Boise State University"
"2502836","270088098","David P Huber","Boise State University"
"2502836","270111283","Joshua   Enterkine","Boise State University"
"2502839","269926096","Neal P Mankad","University of Illinois Chicago"
"2502885","269862508","Christopher M Beaudry","Temple University"
"2502900","270021026","Wei   Zhu","Georgia Tech Research Corporation"
"2502957","269985595","Susan E Clark","Stanford University"
"2503030","269929887","Harbir   Antil","George Mason University"
"2503035","269927602","Zhe   Cheng","Colorado State University"
"2503075","269934712","Mohammed   Baalousha","University of South Carolina at Columbia"
"2503076","269943306","Jackson P Webster","Chico State Enterprises"
"2503076","269982276","Sandrine J Matiasek","Chico State Enterprises"
"2503077","270071962","Jasquelin   Pena","University of California-Davis"
"2503109","269697177","Cesare   Tinelli","University of Iowa"
"2503109","269999749","John Garrett   Morris","University of Iowa"
"2503109","270103182","Katherine   Kosaian","University of Iowa"
"2503131","270061736","Miguel   Cid Montoya","Clemson University"
"2503142","269683188","Klaas   van Wijk","Gordon Research Conferences"
"2503213","270003778","Marek   Locmelis","University of Texas at Austin"
"2503230","270053196","Shengwang   Du","Purdue University"
"2503245","270074501","Catherine   Bergman","USENIX Association"
"2503254","269958590","Hyeran   Jeon","University of California - Merced"
"2503344","270017422","Justin Kim","Georgia Tech Research Corporation"
"2503348","269910409","Qun Jane   Gu","Georgia Tech Research Corporation"
"2503349","269946858","Ali A Rownaghi","University of Miami"
"2503459","270019297","Long   Luo","University of Utah"
"2503494","269826305","Bo   Li","Washington University"
"2503593","269918937","Kalyan R Piratla","Clemson University"
"2503593","269870033","Chien-fei   Chen","Clemson University"
"2503593","270077059","Chao   Fan","Clemson University"
"2503599","270041700","Raj Kumar   Pal","Texas A&M Engineering Experiment Station"
"2503605","269986122","Ruiguo   Yang","Michigan State University"
"2503607","270094719","Yulan   Qing","University of Tennessee Knoxville"
"2503607","000203413","Conrad P Plaut","University of Tennessee Knoxville"
"2503612","270031024","Shyam   Kattel","The University of Central Florida Board of Trustees"
"2503614","270041700","Raj Kumar   Pal","Texas A&M Engineering Experiment Station"
"2503625","270007481","Tiezheng   Tong",""
"2503633","269856197","Henri F Dengah","Florida State University"
"2503644","270007481","Tiezheng   Tong","Arizona State University"
"2503648","270108569","GARIMA   MALHOTRA","University of Colorado at Boulder"
"2503672","270074501","Catherine   Bergman","USENIX Association"
"2503675","270087016","Wenqian   Dong","Oregon State University"
"2503682","270072796","William T Struble","University of Houston"
"2503703","269983135","Hilary   McMillan","Gordon Research Conferences"
"2503703","269954345","Catalina   Segura","Gordon Research Conferences"
"2503761","269672139","Eric   Plutzer","Pennsylvania State Univ University Park"
"2503761","269671690","Michael B Berkman","Pennsylvania State Univ University Park"
"2503815","270065821","Salim   Tayou",""
"2503906","269961116","Deliang   Fan","Arizona State University"
"2503940","270115736","Vanessa   Parks","Rand Corporation"
"2503940","269711400","Andrew   Parker","Rand Corporation"
"2504074","270096004","Momchil E Molnar","Southwest Research Institute"
"2504075","270062504","Maria de la Paz   Fernandez","Trustees of Indiana University"
"2504079","269813031","Larisa P Goncharenko","Massachusetts Institute of Technology"
"2504110","269827127","Leigh A Stearns","University of Pennsylvania"
"2504116","270007481","Tiezheng   Tong","Arizona State University"
"2504217","269907078","Kerrie A Douglas","Purdue University"
"2504233","269968705","Molly C Womack","Cornell University"
"2504328","270094831","John D Cobb","Auburn University"
"2504328","269823186","Luke A Oeding","Auburn University"
"2504334","269968705","Molly C Womack","Cornell University"
"2504511","270000465","Greeshma   Gadikota","Gordon Research Conferences"
"2504528","269893644","Lulu   Qian","California Institute of Technology"
"2504715","270019399","Jessica   Gephart","University of Washington"
"2504839","270043854","Arman   Roohi","University of Illinois at Chicago"
"2505158","270068798","Di   Fang","Duke University"
"2505174","269774935","Massimiliano   Bonamente","University of Alabama in Huntsville"
"2505174","269757320","Sukanya   Chakrabarti","University of Alabama in Huntsville"
"2505174","269849294","Padmaja   Guggilla","University of Alabama in Huntsville"
"2505174","270098137","Michela   Negro","University of Alabama in Huntsville"
"2505192","270043167","Tamzidul   Hoque","University of Kansas Center for Research Inc"
"2505209","269961116","Deliang   Fan","Arizona State University"
"2505213","269868394","Gonghu   Li","University of New Hampshire"
"2505220","270051580","Daniel   Alvarez-Gavela",""
"2505222","270081516","Mai P Trinh","The University of Texas Rio Grande Valley"
"2505223","269988066","Haipeng   Cai","SUNY at Buffalo"
"2505224","270087658","Brandon   Shuck","Louisiana State University"
"2505232","270001474","Martina   Cardone","University of Minnesota-Twin Cities"
"2505232","269946285","Soheil   Mohajer","University of Minnesota-Twin Cities"
"2505232","270088633","Mohammad Ali   Maddah-Ali","University of Minnesota-Twin Cities"
"2505264","270020829","Yizhi   Xiang","University of Missouri-Columbia"
"2505272","269948995","Liang   He","University of Nebraska-Lincoln"
"2505276","270063891","Melisa A Diaz","Ohio State University"
"2505285","269884633","Seyoung   Kim","University of Pittsburgh"
"2505324","000183369","Venkatesan   Sundaresan","University of California-Davis"
"2505324","270112820","Debra   Skinner","University of California-Davis"
"2505326","269961116","Deliang   Fan","Arizona State University"
"2505342","270035038","Christina S Birkel","Arizona State University"
"2505342","270003819","Scott   Sayres","Arizona State University"
"2505342","270027118","Bruno   Azeredo","Arizona State University"
"2505343","269820739","Krishna   Muralidharan","University of Arizona"
"2505343","270080240","Marat   Latypov","University of Arizona"
"2505344","270019236","Christen   Grettenberger","University of California-Davis"
"2505381","269961892","Jie   Xu","University of Florida"
"2505400","270011175","Forough   Ghahramani","NJEDge.Net"
"2505400","270096236","Marina   Kraeva","NJEDge.Net"
"2505400","270105277","Cynthia L Burrows","NJEDge.Net"
"2505400","270116242","Michael D Weiner","NJEDge.Net"
"2505581","269851588","Michelle E Afkhami","University of Miami"
"2505581","269807497","Christopher A Searcy","University of Miami"
"2505582","270071188","Aaron S David","Archbold Expeditions, Inc."
"2505592","269805327","Matthew   Young","Rutgers University New Brunswick"
"2505625","270079142","Lingfu   Zhang","California Institute of Technology"
"2505629","270062878","Fumie   Iizuka","University of Wisconsin-Madison"
"2505675","270017808","Yan   Wang","University of Florida"
"2505723","270047526","James C Anglum","Lehigh University"
"2505747","270031065","Caiwen   Ding","University of Minnesota-Twin Cities"
"2505748","269779397","Todd L Cherry","University of Wyoming"
"2505748","270003021","Jacob   Hochard","University of Wyoming"
"2505748","270116706","Bryan   Leonard","University of Wyoming"
"2505770","270031065","Caiwen   Ding","University of Minnesota-Twin Cities"
"2505775","270099112","Igor L Andreoni","University of North Carolina at Chapel Hill"
"2505852","269715163","Burton   Rosenberg","University of Miami"
"2505879","270116722","O'Rese J Knight","OPHTHALMOLOGY"
"2505949","269878279","Oleg V Larionov","University of Texas at San Antonio"
"2505949","000101141","Michael P Doyle","University of Texas at San Antonio"
"2506040","269823779","Yang   Deng","Montclair State University"
"2506134","269962588","Loris   DAntoni","University of California-San Diego"
"2506156","269742423","Harold   Pardue","University of South Alabama"
"2506163","269814319","Tong   Qiu","University of Utah"
"2506209","270004981","Beiwen   Li","University of Georgia"
"2506234","269775730","Mingzhong   Wu","Northeastern University"
"2506248","269924684","Angela N Knapp","Texas A&M University"
"2506302","270080408","Naga Manasa   Vempati","Louisiana State University"
"2506302","000216080","Gestur   Olafsson","Louisiana State University"
"2506302","270003841","Rui   Han","Louisiana State University"
"2506302","270080407","Fan   Yang","Louisiana State University"
"2506321","270081178","Erica A Cartmill","Indiana University"
"2506342","270096695","yuyin   Zhou","University of California-Santa Cruz"
"2506404","270045648","Chad   Shenk","University of Rochester"
"2506466","000179419","Ian D Walker","University of Wyoming"
"2506500","269943684","Gang   Wu","Washington University"
"2506531","269873808","Yekaterina   Epshteyn","University of Utah"
"2506531","269742391","Alexander   Alekseenko","University of Utah"
"2506531","269890061","James H Adler","University of Utah"
"2506531","269950655","Lars   Ruthotto","University of Utah"
"2506573","269944870","Viveck R Cadambe","Georgia Tech Research Corporation"
"2506576","270038882","Maanak   Gupta","Tennessee Technological University"
"2506643","270052311","Kai   Shu","Emory University"
"2506667","270116996","Sep   Makhsous","University of Washington"
"2506678","270074501","Catherine   Bergman","USENIX Association"
"2506828","270071457","Andrew   Watkins","Case Western Reserve University"
"2506882","269742575","Faming   Liang","Purdue University"
"2506882","269759953","Chuanhai   Liu","Purdue University"
"2506882","269791763","Xiao   Wang","Purdue University"
"2506883","269672360","Carmen E Martinez","Cornell University"
"2507122","270014287","Sarah E Baires","University of Illinois at Urbana-Champaign"
"2507209","270000921","Emily   Jack-Scott","Aspen Global Change Institute"
"2507228","270010706","Gregory L Whiting","University of Colorado at Boulder"
"2507713","269879497","Rose Qingyang   Hu","Virginia Polytechnic Institute and State University"
"2507959","269679046","Amy E Zanne","Cary Institute of Ecosystem Studies, Inc."
"2508022","000174613","Karen M Fischer","Gordon Research Conferences"
"2508070","269918400","Adel   Alaeddini","Southern Methodist University"
"2508117","269790047","Tarek   Saab","University of Florida"
"2508118","270069881","Yuede   Ji","University of Texas at Arlington"
"2508168","270117234","Steeve   Boulant","University of Florida"
"2508169","270031024","Shyam   Kattel","The University of Central Florida Board of Trustees"
"2508321","270020973","Chihway   Chang","University of Chicago"
"2508321","270026484","Doug A Simons","University of Chicago"
"2508377","269847367","Zachariah B Etienne","Regents of the University of Idaho"
"2508384","270019297","Long   Luo","University of Utah"
"2508447","269987496","Archana   Kamal","Northwestern University"
"2508460","270047646","Maya F Stokes","Florida State University"
"2508461","000256521","Thomas J Near","Yale University"
"2508611","269806834","Karen A Kosiba","University of Alabama in Huntsville"
"2508624","269787239","Chang S Nam","Northern Illinois University"
"2508630","270044603","Sho C Takatori","Stanford University"
"2508636","269756510","Brandon   Dugan","Colorado School of Mines"
"2508636","270117919","David B McInroy","Colorado School of Mines"
"2508659","000174170","George E Karniadakis","Brown University"
"2508959","270044997","Mostafa   Yourdkhani","Arizona State University"
"2508977","000243804","James F Ranville","Colorado School of Mines"
"2509145","269884184","Alysia D Cox","Montana Technological University"
"2509179","270040639","Dana K Pasquale","Duke University"
"2509330","269697805","Lewis G Huey","Georgia Tech Research Corporation"
"2509561","270051201","Ethan O Nadler","University of California-San Diego"
"2509647","270004046","Caroline   Terry","University of Illinois at Chicago"
"2509754","270117511","Tyler N Shendruk","Gordon Research Conferences"
"2509754","270117479","Philip R Buskohl","Gordon Research Conferences"
"2510047","000149562","Joan   Feigenbaum","Yale University"
"2510215","269841119","Sylvia L Mendez","University of Kentucky Research Foundation"
"2510219","270030168","Barry   Bradlyn","University of Illinois at Urbana-Champaign"
"2510328","269852453","Andreas S Tolias","Stanford University"
"2510441","269952931","Jon   Davenport","Appalachian State University"
"2510760","270001031","Nick   Pizzo","University of Rhode Island"
"2511551","270039822","Michaël   Cadilhac","DePaul University"
"2511912","269963775","Feng   Ju","Arizona State University"
"2511912","270004215","Xiao   Liu","Arizona State University"
"2511912","270049874","Hannah   Budinoff","Arizona State University"
"2511912","270116634","Lacy   Greening","Arizona State University"
"2511985","269970257","Binata   Joddar","Oregon State University"
"2511992","269924567","Veronica   Bindi","University of Hawaii"
"2512157","270073454","Russell D Ruediger","Ithaka Harbors Inc."
"2512157","270110414","Patrick J Masson","Ithaka Harbors Inc."
"2512183","270089199","Shibaji   Chakraborty","Embry-Riddle Aeronautical University"
"2512240","269788657","Pamela   Murray-Tuite","Clemson University"
"2512240","269824640","Mark   Small","Clemson University"
"2512347","270025646","Jifu   Tan","SUNY at Binghamton"
"2512362","269905603","Alexander   Radosevich","Massachusetts Institute of Technology"
"2512372","000158553","Ganesh L Gopalakrishnan","University of Utah"
"2512432","269833017","Patricia M Medeiros","University of Georgia"
"2512432","269833018","Renato M Castelao","University of Georgia"
"2512478","270048427","Sina   Saneiyan","SUNY at Binghamton"
"2512556","000208356","Darin W Toohey","University of Colorado at Boulder"
"2512599","269940671","Simone   Silvestri","University of Kentucky Research Foundation"
"2512797","270050571","James C Davis","Purdue University"
"2512855","270012645","Jie   Cai","Purdue University"
"2512857","269779425","Hridesh   Rajan","Tulane University"
"2512858","269779425","Hridesh   Rajan",""
"2512862","270116294","Louie   Slocombe","Gordon Research Conferences"
"2512862","270118455","Jana   Vuckovic","Gordon Research Conferences"
"2512870","269893603","Liran   Ma","Miami University"
"2512882","269958230","Daniel   Wong","University of California-Riverside"
"2512887","269986689","Joseph Ewoodzie","William Marsh Rice University"
"2512903","269796030","Neill J Wallis","University of Florida"
"2512903","270108605","Anthony P Farace","University of Florida"
"2512910","270057004","Woongkul   Lee","Purdue University"
"2512945","270024171","Jesse D Thaler","Massachusetts Institute of Technology"
"2512975","269934147","Dara M Wald","Virginia Polytechnic Institute and State University"
"2512987","269982069","Minje   Kim","University of Illinois at Urbana-Champaign"
"2512999","270076587","Markus P Nemitz","Tufts University"
"2513006","269945594","Jacob D Fillman","Texas A&M University"
"2513040","270082815","Feige   Wang","Regents of the University of Michigan - Ann Arbor"
"2513091","270061631","Mahima   Gupta","University of Wisconsin-Madison"
"2513096","270019731","Truong X Nghiem","The University of Central Florida Board of Trustees"
"2513110","269809784","Daqing   Hou","Rochester Institute of Tech"
"2513146","269869783","Youseph   Yazdi","Johns Hopkins University"
"2513154","270091030","Emily   Twigg","Scientific Committee on Oceanic Research (SCOR)"
"2513241","269984474","Ian M Zemke","University of Oregon Eugene"
"2513276","269817413","Sudarshan K Srinivasan","North Dakota State University Fargo"
"2513325","270012171","Nyssa   Silbiger","University of Hawaii"
"2513456","000220565","William   Collins","Gordon Research Conferences"
"2513480","270082770","Hyunseok   Oh","University of Wisconsin-Madison"
"2513480","269727527","Dane   Morgan","University of Wisconsin-Madison"
"2513528","270025236","Rebecca   Campbell-Montalvo","University of South Florida"
"2513548","270089228","Aravind   Nagulu","Northeastern University"
"2513824","269886874","Necmiye   Ozay","Regents of the University of Michigan - Ann Arbor"
"2513824","269945207","Dimitra   Panagou","Regents of the University of Michigan - Ann Arbor"
"2514166","270049111","Xinwu   Qian","William Marsh Rice University"
"2514192","269910409","Qun Jane   Gu","Georgia Tech Research Corporation"
"2514251","270008204","Ning   Zhang","Washington University"
"2514351","270087016","Wenqian   Dong","Oregon State University"
"2514354","269697094","Blake C Meyers","University of California-Davis"
"2514369","269967489","Aaron   Bernstein","New York University"
"2514370","269909553","Allison R Rober","The Ohio State University"
"2514382","000267600","Itay   Neeman","University of California-Los Angeles"
"2514412","270001684","Eirini Eleni Tsiropoulou","Arizona State University"
"2514420","269911262","Ashley M Heers","Scripps College"
"2514459","269911171","Shahid   Mukhtar","Clemson University"
"2514491","270021461","Danielle X Morales",""
"2514502","270119035","Alexandria   Quillin","Gordon Research Conferences"
"2514508","270048588","Ellen M Briggs","University of California-San Diego Scripps Inst of Oceanography"
"2514544","269902074","Aruna   Kilaru","Gordon Research Conferences"
"2514584","270019731","Truong X Nghiem",""
"2514612","270094142","Manob   Saikia","University of Memphis"
"2514624","270056757","Henry N Higgs","Federation of Amer Societies For Exper Biology"
"2514682","000231742","Jeffrey T Freymueller","Michigan State University"
"2514683","270015171","Pierluigi   Nuzzo","University of California-Berkeley"
"2514692","270053483","Yuan   Li","University of Massachusetts Amherst"
"2514694","000192507","Sanguthevar   Rajasekaran","University of Connecticut"
"2514715","269709826","Sandeep   Pradhan","Regents of the University of Michigan - Ann Arbor"
"2514748","270015171","Pierluigi   Nuzzo","University of California-Berkeley"
"2514755","270048852","Hantao   Cui","North Carolina State University"
"2514757","270048852","Hantao   Cui","North Carolina State University"
"2514761","269958425","Justin M Bradley","North Carolina State University"
"2514823","270110132","Juan   Perez-Mercader","Harvard University"
"2514834","270004472","Sha   Cao","Oregon Health & Science University"
"2514928","270028145","Daijiang Li","University of Arizona"
"2514937","270028145","Daijiang Li","University of Arizona"
"2514945","270089042","Forrest A Brownlee","Hibbing Community College"
"2514977","270055309","Shahar   Sukenik","Syracuse University"
"2514988","270092169","Neda   Maghsoodi","University of Southern California"
"2515120","269970257","Binata   Joddar","Oregon State University"
"2515123","269970257","Binata   Joddar","Oregon State University"
"2515126","270068476","RENEE C MANWORREN","University of Texas at Arlington"
"2515132","270116686","Nina   Wale","Michigan State University"
"2515132","000152793","Thomas V O'Halloran","Michigan State University"
"2515172","270050658","Promit K Ghosal","University of Chicago"
"2515174","269809784","Daqing   Hou","Rochester Institute of Tech"
"2515337","270092702","Yonglong   Xie","William Marsh Rice University"
"2515337","000235378","Qimiao   Si","William Marsh Rice University"
"2515340","270021951","Colin J Carlson","Yale University"
"2515348","269937015","Moamer   Hasanovic","Syracuse University"
"2515394","270014737","Yanling   Chang","Southern Methodist University"
"2515460","270034797","Yufeng Zheng","University of North Texas"
"2515460","269677390","Victor R Vasquez","University of North Texas"
"2515554","269919560","Grace   Yan","Missouri University of Science and Technology"
"2515554","000224405","Yanguang C Li","Missouri University of Science and Technology"
"2515675","270119433","Frederick J Boehm","South Dakota State University"
"2515675","269972720","Semhar   Michael","South Dakota State University"
"2515880","269988968","Ashfaq   Khokhar","Iowa State University"
"2515943","269949316","Scarlet S Shell","Gordon Research Conferences"
"2515943","269786930","Sean   Crosson","Gordon Research Conferences"
"2515943","270119303","Daniel   Plaza","Gordon Research Conferences"
"2515943","270119581","Nicholas D Pokorzynski","Gordon Research Conferences"
"2515951","269990462","Jasper   Oshun","Arizona State University"
"2515975","269679379","Jan   Vitek","Northeastern University"
"2516003","270069881","Yuede   Ji","University of Texas at Arlington"
"2516053","269801387","Michael J Polito","University of California-Santa Cruz"
"2516080","269845192","Kaushik R Chowdhury","University of Texas at Austin"
"2516092","270053483","Yuan   Li","University of Massachusetts Amherst"
"2516105","269738537","Paul A Maggard","Baylor University"
"2516119","270016493","Karen B Schloss","University of Wisconsin-Madison"
"2516119","000138992","Mary A Peterson","University of Wisconsin-Madison"
"2516119","269814679","Diane M Beck","University of Wisconsin-Madison"
"2516119","270090827","Charisse B Pickron","University of Wisconsin-Madison"
"2516126","270018673","Duc D Nguyen","University of Tennessee Knoxville"
"2516195","270000987","Wen   Chen","University of Southern California"
"2516270","270058677","Emma   Pierson","University of California-Berkeley"
"2516309","269702883","Alan G Whittington","University of Texas at San Antonio"
"2516400","269987456","Sarah L Eddy","University of Minnesota-Twin Cities"
"2516501","270005581","Melanie   Chiu","Michigan State University"
"2516533","270043620","Peter   Hitchcock","Cornell University"
"2516550","270000987","Wen   Chen","University of Southern California"
"2516566","269981285","Dior R Kelley","Iowa State University"
"2516566","269951538","Joanna   Friesner","Iowa State University"
"2516579","269901574","Tanu   Malik","University of Missouri-Columbia"
"2516587","270017620","Renran   Tian","North Carolina State University"
"2516603","269953215","Pat   Levitt","Children's Hospital Los Angeles"
"2516641","270018873","Sarah   Peluse","Stanford University"
"2516708","269960399","Joshua K Hartshorne",""
"2516752","269992562","Peng   Zhang","Regents of the University of Michigan - Ann Arbor"
"2516786","270051392","Cole   Graham","University of Wisconsin-Madison"
"2516857","269996986","Bijan   Najafi","University of California-Los Angeles"
"2516872","269891939","Genevera   Allen","Columbia University"
"2516889","000117556","Brad M Binder","University of Tennessee Knoxville"
"2516889","000155460","Mark A Estelle","University of Tennessee Knoxville"
"2517170","269946770","Fateme   Rezaei","University of Miami"
"2517201","270085133","Prashant   Pandey","Northeastern University"
"2517218","270018487","Rui   Wu","Kennesaw State University Research and Service Foundation"
"2517242","269986286","HABIB M AMMARI","Texas A&M International University"
"2517447","269945366","Jeffrey Gustafson","SUNY at Stony Brook"
"2517512","270011883","Scott   Wood","University of New England"
"2517557","269926185","Feng   Chen","Indiana University"
"2517585","269806425","Nathan E Glatt-Holtz","Indiana University"
"2517590","270047266","Lea   Nienhaus","William Marsh Rice University"
"2517620","270053234","Debjani   Sihi","North Carolina State University"
"2517825","270060138","Aaryani   Sajja","University of Houston"
"2517840","270079777","Alexander D Shane","Regents of the University of Michigan - Ann Arbor"
"2517845","270014679","Dion   Khodagholy","University of California-Irvine"
"2517999","269867376","Debora F Rodrigues","Clemson University"
"2519581","269970423","Thorsten   Wuest","University of South Carolina at Columbia"
"2519789","269960769","Shantanu   Jathar","Colorado State University"
"2519789","269782347","John   Volckens","Colorado State University"
"2519789","269786779","Thomas   Borch","Colorado State University"
"2519789","270065462","Christian   LOrange","Colorado State University"
"2519828","270005841","Jennifer   Laaser","University of Pittsburgh"
"2519828","269999755","Jian   Qin","University of Pittsburgh"
"2519886","270089228","Aravind   Nagulu","Northeastern University"
"2520860","270033511","Benjamin L Gerard","University of California-Santa Cruz"
"2521220","270049076","Jack D Hare","Cornell University"
"2521265","269753306","Antonio   Facchetti","Georgia Tech Research Corporation"
"2521318","269934779","Jalene   LaMontagne","University of Missouri-Saint Louis"
"2521527","270035419","Kristyn K Voegele","University of North Dakota Main Campus"
"2521887","270041373","Maxwell C Brown","University of Minnesota-Twin Cities"
"2522010","269973110","Kevin   Konrad","Oregon State University"
"2522148","270080239","Cassandra M Donatelli","University of Washington"
"2522386","270002661","Prashanti   Manda","University of Nebraska at Omaha"
"2522763","270050456","Meric L Augat","James Madison University"
"2523484","270086641","Yuzhou   Chen","University of California-Riverside"
"2524356","269797057","Xiaofeng Shao","Washington University"
"2524362","269933723","Facundo   Memoli","Rutgers University New Brunswick"
"2524750","270122046","Susan E Liao","Gordon Research Conferences"
"2524750","270122072","Zion R Perry","Gordon Research Conferences"
"2524967","269966610","Irina   Holmes Fay","University of Wyoming"
"2525033","269934779","Jalene   LaMontagne","University of Missouri-Saint Louis"
